BEGIN;

-- Cleanup existing data
TRUNCATE TABLE user_allergens, weight_entries, food_history, diary_meals, diary_days, user_favorite_recipes, user_favorite_restaurants, users, allergens, recipes, restaurants RESTART IDENTITY CASCADE;

-- Seed Allergens
INSERT INTO allergens (id, name) VALUES (1, 'Glúten');
INSERT INTO allergens (id, name) VALUES (2, 'Laticínios');
INSERT INTO allergens (id, name) VALUES (3, 'Ovos');
INSERT INTO allergens (id, name) VALUES (4, 'Frutos de Casca Rija');
INSERT INTO allergens (id, name) VALUES (5, 'Peixe');
INSERT INTO allergens (id, name) VALUES (6, 'Marisco');
INSERT INTO allergens (id, name) VALUES (7, 'Soja');
INSERT INTO allergens (id, name) VALUES (8, 'Amendoim');
INSERT INTO allergens (id, name) VALUES (9, 'Sésamo');
INSERT INTO allergens (id, name) VALUES (10, 'Mostarda');
INSERT INTO allergens (id, name) VALUES (11, 'Aipo');
INSERT INTO allergens (id, name) VALUES (12, 'Dióxido de Enxofre');
INSERT INTO allergens (id, name) VALUES (13, 'Tremoço');
INSERT INTO allergens (id, name) VALUES (14, 'Moluscos');
INSERT INTO allergens (id, name) VALUES (15, 'Milho');

-- Seed Users
INSERT INTO users (id, username, full_name, hashed_password, peso, altura, sexo, idade, goal, activity_level, target_calories) VALUES (1, 'user1', 'Utilizador Teste 1', '$2b$12$EixZaYVK1fsbw1ZfbX3OXePaWxn96p36WQoeG6L6s57OT69.3.8VW', 70.2, 1.87, 'M', 44, 'Ganhar Massa', 'Ativo', 2393);
INSERT INTO users (id, username, full_name, hashed_password, peso, altura, sexo, idade, goal, activity_level, target_calories) VALUES (2, 'user2', 'Utilizador Teste 2', '$2b$12$EixZaYVK1fsbw1ZfbX3OXePaWxn96p36WQoeG6L6s57OT69.3.8VW', 79.5, 1.57, 'F', 50, 'Manter Peso', 'Ativo', 2352);
INSERT INTO user_allergens (user_id, allergen_id) VALUES (2, 4);
INSERT INTO users (id, username, full_name, hashed_password, peso, altura, sexo, idade, goal, activity_level, target_calories) VALUES (3, 'user3', 'Utilizador Teste 3', '$2b$12$EixZaYVK1fsbw1ZfbX3OXePaWxn96p36WQoeG6L6s57OT69.3.8VW', 89.6, 1.69, 'F', 33, 'Melhorar Performance', 'Moderado', 2758);
INSERT INTO user_allergens (user_id, allergen_id) VALUES (3, 3);
INSERT INTO users (id, username, full_name, hashed_password, peso, altura, sexo, idade, goal, activity_level, target_calories) VALUES (4, 'user4', 'Utilizador Teste 4', '$2b$12$EixZaYVK1fsbw1ZfbX3OXePaWxn96p36WQoeG6L6s57OT69.3.8VW', 60.0, 1.63, 'F', 55, 'Perder Peso', 'Muito Ativo', 2292);
INSERT INTO users (id, username, full_name, hashed_password, peso, altura, sexo, idade, goal, activity_level, target_calories) VALUES (5, 'user5', 'Utilizador Teste 5', '$2b$12$EixZaYVK1fsbw1ZfbX3OXePaWxn96p36WQoeG6L6s57OT69.3.8VW', 65.0, 1.78, 'F', 41, 'Perder Peso', 'Sedentário', 2384);
INSERT INTO users (id, username, full_name, hashed_password, peso, altura, sexo, idade, goal, activity_level, target_calories) VALUES (6, 'user6', 'Utilizador Teste 6', '$2b$12$EixZaYVK1fsbw1ZfbX3OXePaWxn96p36WQoeG6L6s57OT69.3.8VW', 79.0, 1.66, 'F', 47, 'Ganhar Massa', 'Sedentário', 2401);
INSERT INTO user_allergens (user_id, allergen_id) VALUES (6, 4);
INSERT INTO users (id, username, full_name, hashed_password, peso, altura, sexo, idade, goal, activity_level, target_calories) VALUES (7, 'user7', 'Utilizador Teste 7', '$2b$12$EixZaYVK1fsbw1ZfbX3OXePaWxn96p36WQoeG6L6s57OT69.3.8VW', 70.7, 1.65, 'F', 22, 'Ganhar Massa', 'Muito Ativo', 2778);
INSERT INTO user_allergens (user_id, allergen_id) VALUES (7, 15);
INSERT INTO users (id, username, full_name, hashed_password, peso, altura, sexo, idade, goal, activity_level, target_calories) VALUES (8, 'user8', 'Utilizador Teste 8', '$2b$12$EixZaYVK1fsbw1ZfbX3OXePaWxn96p36WQoeG6L6s57OT69.3.8VW', 71.0, 1.76, 'F', 20, 'Manter Peso', 'Sedentário', 1867);
INSERT INTO user_allergens (user_id, allergen_id) VALUES (8, 4);
INSERT INTO users (id, username, full_name, hashed_password, peso, altura, sexo, idade, goal, activity_level, target_calories) VALUES (9, 'user9', 'Utilizador Teste 9', '$2b$12$EixZaYVK1fsbw1ZfbX3OXePaWxn96p36WQoeG6L6s57OT69.3.8VW', 69.3, 1.71, 'F', 21, 'Manter Peso', 'Ligeiro', 1963);
INSERT INTO user_allergens (user_id, allergen_id) VALUES (9, 14);
INSERT INTO users (id, username, full_name, hashed_password, peso, altura, sexo, idade, goal, activity_level, target_calories) VALUES (10, 'user10', 'Utilizador Teste 10', '$2b$12$EixZaYVK1fsbw1ZfbX3OXePaWxn96p36WQoeG6L6s57OT69.3.8VW', 86.5, 1.6, 'M', 18, 'Perder Peso', 'Ativo', 2416);
INSERT INTO user_allergens (user_id, allergen_id) VALUES (10, 7);

-- Seed Recipes
INSERT INTO recipes (id, name, ingredients, instructions) VALUES (1, 'Massa Estufado Saudável 1', 'Base de Massa, legumes variados, temperos naturais, azeite.', '1. Preparar a base de Massa. 2. Estufado os ingredientes. 3. Servir com acompanhamento saudável.');
INSERT INTO recipes (id, name, ingredients, instructions) VALUES (2, 'Salmão em Salada Saudável 2', 'Base de Salmão, legumes variados, temperos naturais, azeite.', '1. Preparar a base de Salmão. 2. em Salada os ingredientes. 3. Servir com acompanhamento saudável.');
INSERT INTO recipes (id, name, ingredients, instructions) VALUES (3, 'Feijão Grelhado Saudável 3', 'Base de Feijão, legumes variados, temperos naturais, azeite.', '1. Preparar a base de Feijão. 2. Grelhado os ingredientes. 3. Servir com acompanhamento saudável.');
INSERT INTO recipes (id, name, ingredients, instructions) VALUES (4, 'Massa Salteado Saudável 4', 'Base de Massa, legumes variados, temperos naturais, azeite.', '1. Preparar a base de Massa. 2. Salteado os ingredientes. 3. Servir com acompanhamento saudável.');
INSERT INTO recipes (id, name, ingredients, instructions) VALUES (5, 'Salmão Estufado Saudável 5', 'Base de Salmão, legumes variados, temperos naturais, azeite.', '1. Preparar a base de Salmão. 2. Estufado os ingredientes. 3. Servir com acompanhamento saudável.');
INSERT INTO recipes (id, name, ingredients, instructions) VALUES (6, 'Salmão em Salada Saudável 6', 'Base de Salmão, legumes variados, temperos naturais, azeite.', '1. Preparar a base de Salmão. 2. em Salada os ingredientes. 3. Servir com acompanhamento saudável.');
INSERT INTO recipes (id, name, ingredients, instructions) VALUES (7, 'Atum Cozido Saudável 7', 'Base de Atum, legumes variados, temperos naturais, azeite.', '1. Preparar a base de Atum. 2. Cozido os ingredientes. 3. Servir com acompanhamento saudável.');
INSERT INTO recipes (id, name, ingredients, instructions) VALUES (8, 'Ovos Estufado Saudável 8', 'Base de Ovos, legumes variados, temperos naturais, azeite.', '1. Preparar a base de Ovos. 2. Estufado os ingredientes. 3. Servir com acompanhamento saudável.');
INSERT INTO recipes (id, name, ingredients, instructions) VALUES (9, 'Peru Grelhado Saudável 9', 'Base de Peru, legumes variados, temperos naturais, azeite.', '1. Preparar a base de Peru. 2. Grelhado os ingredientes. 3. Servir com acompanhamento saudável.');
INSERT INTO recipes (id, name, ingredients, instructions) VALUES (10, 'Ovos Grelhado Saudável 10', 'Base de Ovos, legumes variados, temperos naturais, azeite.', '1. Preparar a base de Ovos. 2. Grelhado os ingredientes. 3. Servir com acompanhamento saudável.');
INSERT INTO recipes (id, name, ingredients, instructions) VALUES (11, 'Atum Grelhado Saudável 11', 'Base de Atum, legumes variados, temperos naturais, azeite.', '1. Preparar a base de Atum. 2. Grelhado os ingredientes. 3. Servir com acompanhamento saudável.');
INSERT INTO recipes (id, name, ingredients, instructions) VALUES (12, 'Ovos Cozido Saudável 12', 'Base de Ovos, legumes variados, temperos naturais, azeite.', '1. Preparar a base de Ovos. 2. Cozido os ingredientes. 3. Servir com acompanhamento saudável.');
INSERT INTO recipes (id, name, ingredients, instructions) VALUES (13, 'Massa Estufado Saudável 13', 'Base de Massa, legumes variados, temperos naturais, azeite.', '1. Preparar a base de Massa. 2. Estufado os ingredientes. 3. Servir com acompanhamento saudável.');
INSERT INTO recipes (id, name, ingredients, instructions) VALUES (14, 'Ovos Estufado Saudável 14', 'Base de Ovos, legumes variados, temperos naturais, azeite.', '1. Preparar a base de Ovos. 2. Estufado os ingredientes. 3. Servir com acompanhamento saudável.');
INSERT INTO recipes (id, name, ingredients, instructions) VALUES (15, 'Ovos ao Forno Saudável 15', 'Base de Ovos, legumes variados, temperos naturais, azeite.', '1. Preparar a base de Ovos. 2. ao Forno os ingredientes. 3. Servir com acompanhamento saudável.');
INSERT INTO recipes (id, name, ingredients, instructions) VALUES (16, 'Salmão ao Forno Saudável 16', 'Base de Salmão, legumes variados, temperos naturais, azeite.', '1. Preparar a base de Salmão. 2. ao Forno os ingredientes. 3. Servir com acompanhamento saudável.');
INSERT INTO recipes (id, name, ingredients, instructions) VALUES (17, 'Peru ao Forno Saudável 17', 'Base de Peru, legumes variados, temperos naturais, azeite.', '1. Preparar a base de Peru. 2. ao Forno os ingredientes. 3. Servir com acompanhamento saudável.');
INSERT INTO recipes (id, name, ingredients, instructions) VALUES (18, 'Salmão ao Forno Saudável 18', 'Base de Salmão, legumes variados, temperos naturais, azeite.', '1. Preparar a base de Salmão. 2. ao Forno os ingredientes. 3. Servir com acompanhamento saudável.');
INSERT INTO recipes (id, name, ingredients, instructions) VALUES (19, 'Massa Cozido Saudável 19', 'Base de Massa, legumes variados, temperos naturais, azeite.', '1. Preparar a base de Massa. 2. Cozido os ingredientes. 3. Servir com acompanhamento saudável.');
INSERT INTO recipes (id, name, ingredients, instructions) VALUES (20, 'Peru Cozido Saudável 20', 'Base de Peru, legumes variados, temperos naturais, azeite.', '1. Preparar a base de Peru. 2. Cozido os ingredientes. 3. Servir com acompanhamento saudável.');
INSERT INTO recipes (id, name, ingredients, instructions) VALUES (21, 'Tofu ao Forno Saudável 21', 'Base de Tofu, legumes variados, temperos naturais, azeite.', '1. Preparar a base de Tofu. 2. ao Forno os ingredientes. 3. Servir com acompanhamento saudável.');
INSERT INTO recipes (id, name, ingredients, instructions) VALUES (22, 'Grão em Salada Saudável 22', 'Base de Grão, legumes variados, temperos naturais, azeite.', '1. Preparar a base de Grão. 2. em Salada os ingredientes. 3. Servir com acompanhamento saudável.');
INSERT INTO recipes (id, name, ingredients, instructions) VALUES (23, 'Atum Cozido Saudável 23', 'Base de Atum, legumes variados, temperos naturais, azeite.', '1. Preparar a base de Atum. 2. Cozido os ingredientes. 3. Servir com acompanhamento saudável.');
INSERT INTO recipes (id, name, ingredients, instructions) VALUES (24, 'Frango em Salada Saudável 24', 'Base de Frango, legumes variados, temperos naturais, azeite.', '1. Preparar a base de Frango. 2. em Salada os ingredientes. 3. Servir com acompanhamento saudável.');
INSERT INTO recipes (id, name, ingredients, instructions) VALUES (25, 'Ovos Cozido Saudável 25', 'Base de Ovos, legumes variados, temperos naturais, azeite.', '1. Preparar a base de Ovos. 2. Cozido os ingredientes. 3. Servir com acompanhamento saudável.');
INSERT INTO recipes (id, name, ingredients, instructions) VALUES (26, 'Peru em Salada Saudável 26', 'Base de Peru, legumes variados, temperos naturais, azeite.', '1. Preparar a base de Peru. 2. em Salada os ingredientes. 3. Servir com acompanhamento saudável.');
INSERT INTO recipes (id, name, ingredients, instructions) VALUES (27, 'Feijão Estufado Saudável 27', 'Base de Feijão, legumes variados, temperos naturais, azeite.', '1. Preparar a base de Feijão. 2. Estufado os ingredientes. 3. Servir com acompanhamento saudável.');
INSERT INTO recipes (id, name, ingredients, instructions) VALUES (28, 'Salmão ao Forno Saudável 28', 'Base de Salmão, legumes variados, temperos naturais, azeite.', '1. Preparar a base de Salmão. 2. ao Forno os ingredientes. 3. Servir com acompanhamento saudável.');
INSERT INTO recipes (id, name, ingredients, instructions) VALUES (29, 'Ovos em Salada Saudável 29', 'Base de Ovos, legumes variados, temperos naturais, azeite.', '1. Preparar a base de Ovos. 2. em Salada os ingredientes. 3. Servir com acompanhamento saudável.');
INSERT INTO recipes (id, name, ingredients, instructions) VALUES (30, 'Ovos Grelhado Saudável 30', 'Base de Ovos, legumes variados, temperos naturais, azeite.', '1. Preparar a base de Ovos. 2. Grelhado os ingredientes. 3. Servir com acompanhamento saudável.');
INSERT INTO recipes (id, name, ingredients, instructions) VALUES (31, 'Salmão Estufado Saudável 31', 'Base de Salmão, legumes variados, temperos naturais, azeite.', '1. Preparar a base de Salmão. 2. Estufado os ingredientes. 3. Servir com acompanhamento saudável.');
INSERT INTO recipes (id, name, ingredients, instructions) VALUES (32, 'Salmão ao Forno Saudável 32', 'Base de Salmão, legumes variados, temperos naturais, azeite.', '1. Preparar a base de Salmão. 2. ao Forno os ingredientes. 3. Servir com acompanhamento saudável.');
INSERT INTO recipes (id, name, ingredients, instructions) VALUES (33, 'Feijão em Salada Saudável 33', 'Base de Feijão, legumes variados, temperos naturais, azeite.', '1. Preparar a base de Feijão. 2. em Salada os ingredientes. 3. Servir com acompanhamento saudável.');
INSERT INTO recipes (id, name, ingredients, instructions) VALUES (34, 'Salmão em Salada Saudável 34', 'Base de Salmão, legumes variados, temperos naturais, azeite.', '1. Preparar a base de Salmão. 2. em Salada os ingredientes. 3. Servir com acompanhamento saudável.');
INSERT INTO recipes (id, name, ingredients, instructions) VALUES (35, 'Arroz em Salada Saudável 35', 'Base de Arroz, legumes variados, temperos naturais, azeite.', '1. Preparar a base de Arroz. 2. em Salada os ingredientes. 3. Servir com acompanhamento saudável.');
INSERT INTO recipes (id, name, ingredients, instructions) VALUES (36, 'Arroz Estufado Saudável 36', 'Base de Arroz, legumes variados, temperos naturais, azeite.', '1. Preparar a base de Arroz. 2. Estufado os ingredientes. 3. Servir com acompanhamento saudável.');
INSERT INTO recipes (id, name, ingredients, instructions) VALUES (37, 'Tofu Salteado Saudável 37', 'Base de Tofu, legumes variados, temperos naturais, azeite.', '1. Preparar a base de Tofu. 2. Salteado os ingredientes. 3. Servir com acompanhamento saudável.');
INSERT INTO recipes (id, name, ingredients, instructions) VALUES (38, 'Atum Grelhado Saudável 38', 'Base de Atum, legumes variados, temperos naturais, azeite.', '1. Preparar a base de Atum. 2. Grelhado os ingredientes. 3. Servir com acompanhamento saudável.');
INSERT INTO recipes (id, name, ingredients, instructions) VALUES (39, 'Salmão Estufado Saudável 39', 'Base de Salmão, legumes variados, temperos naturais, azeite.', '1. Preparar a base de Salmão. 2. Estufado os ingredientes. 3. Servir com acompanhamento saudável.');
INSERT INTO recipes (id, name, ingredients, instructions) VALUES (40, 'Arroz em Salada Saudável 40', 'Base de Arroz, legumes variados, temperos naturais, azeite.', '1. Preparar a base de Arroz. 2. em Salada os ingredientes. 3. Servir com acompanhamento saudável.');
INSERT INTO recipes (id, name, ingredients, instructions) VALUES (41, 'Arroz em Salada Saudável 41', 'Base de Arroz, legumes variados, temperos naturais, azeite.', '1. Preparar a base de Arroz. 2. em Salada os ingredientes. 3. Servir com acompanhamento saudável.');
INSERT INTO recipes (id, name, ingredients, instructions) VALUES (42, 'Tofu ao Forno Saudável 42', 'Base de Tofu, legumes variados, temperos naturais, azeite.', '1. Preparar a base de Tofu. 2. ao Forno os ingredientes. 3. Servir com acompanhamento saudável.');
INSERT INTO recipes (id, name, ingredients, instructions) VALUES (43, 'Atum Estufado Saudável 43', 'Base de Atum, legumes variados, temperos naturais, azeite.', '1. Preparar a base de Atum. 2. Estufado os ingredientes. 3. Servir com acompanhamento saudável.');
INSERT INTO recipes (id, name, ingredients, instructions) VALUES (44, 'Feijão Grelhado Saudável 44', 'Base de Feijão, legumes variados, temperos naturais, azeite.', '1. Preparar a base de Feijão. 2. Grelhado os ingredientes. 3. Servir com acompanhamento saudável.');
INSERT INTO recipes (id, name, ingredients, instructions) VALUES (45, 'Atum Estufado Saudável 45', 'Base de Atum, legumes variados, temperos naturais, azeite.', '1. Preparar a base de Atum. 2. Estufado os ingredientes. 3. Servir com acompanhamento saudável.');
INSERT INTO recipes (id, name, ingredients, instructions) VALUES (46, 'Frango Cozido Saudável 46', 'Base de Frango, legumes variados, temperos naturais, azeite.', '1. Preparar a base de Frango. 2. Cozido os ingredientes. 3. Servir com acompanhamento saudável.');
INSERT INTO recipes (id, name, ingredients, instructions) VALUES (47, 'Feijão ao Forno Saudável 47', 'Base de Feijão, legumes variados, temperos naturais, azeite.', '1. Preparar a base de Feijão. 2. ao Forno os ingredientes. 3. Servir com acompanhamento saudável.');
INSERT INTO recipes (id, name, ingredients, instructions) VALUES (48, 'Salmão ao Forno Saudável 48', 'Base de Salmão, legumes variados, temperos naturais, azeite.', '1. Preparar a base de Salmão. 2. ao Forno os ingredientes. 3. Servir com acompanhamento saudável.');
INSERT INTO recipes (id, name, ingredients, instructions) VALUES (49, 'Tofu Grelhado Saudável 49', 'Base de Tofu, legumes variados, temperos naturais, azeite.', '1. Preparar a base de Tofu. 2. Grelhado os ingredientes. 3. Servir com acompanhamento saudável.');
INSERT INTO recipes (id, name, ingredients, instructions) VALUES (50, 'Peru em Salada Saudável 50', 'Base de Peru, legumes variados, temperos naturais, azeite.', '1. Preparar a base de Peru. 2. em Salada os ingredientes. 3. Servir com acompanhamento saudável.');

-- Seed Restaurants
INSERT INTO restaurants (id, name, address, phone) VALUES (1, 'Horta no Prato 1', 'Rua das Flores, 120, Cidade', '912345001');
INSERT INTO restaurants (id, name, address, phone) VALUES (2, 'Fit Food 2', 'Rua das Flores, 162, Cidade', '912345002');
INSERT INTO restaurants (id, name, address, phone) VALUES (3, 'Horta no Prato 3', 'Rua das Flores, 196, Cidade', '912345003');
INSERT INTO restaurants (id, name, address, phone) VALUES (4, 'The Green Leaf 4', 'Rua das Flores, 83, Cidade', '912345004');
INSERT INTO restaurants (id, name, address, phone) VALUES (5, 'Bio Sabor 5', 'Rua das Flores, 63, Cidade', '912345005');
INSERT INTO restaurants (id, name, address, phone) VALUES (6, 'Fit Food 6', 'Rua das Flores, 189, Cidade', '912345006');
INSERT INTO restaurants (id, name, address, phone) VALUES (7, 'Bio Sabor 7', 'Rua das Flores, 23, Cidade', '912345007');
INSERT INTO restaurants (id, name, address, phone) VALUES (8, 'Horta no Prato 8', 'Rua das Flores, 105, Cidade', '912345008');
INSERT INTO restaurants (id, name, address, phone) VALUES (9, 'The Green Leaf 9', 'Rua das Flores, 112, Cidade', '912345009');
INSERT INTO restaurants (id, name, address, phone) VALUES (10, 'Fit Food 10', 'Rua das Flores, 183, Cidade', '912345010');
INSERT INTO restaurants (id, name, address, phone) VALUES (11, 'Saúde na Mesa 11', 'Rua das Flores, 96, Cidade', '912345011');
INSERT INTO restaurants (id, name, address, phone) VALUES (12, 'Puro Verde 12', 'Rua das Flores, 75, Cidade', '912345012');
INSERT INTO restaurants (id, name, address, phone) VALUES (13, 'Horta no Prato 13', 'Rua das Flores, 170, Cidade', '912345013');
INSERT INTO restaurants (id, name, address, phone) VALUES (14, 'Natural Gourmet 14', 'Rua das Flores, 189, Cidade', '912345014');
INSERT INTO restaurants (id, name, address, phone) VALUES (15, 'Horta no Prato 15', 'Rua das Flores, 129, Cidade', '912345015');
INSERT INTO restaurants (id, name, address, phone) VALUES (16, 'Natural Gourmet 16', 'Rua das Flores, 45, Cidade', '912345016');
INSERT INTO restaurants (id, name, address, phone) VALUES (17, 'Natural Gourmet 17', 'Rua das Flores, 15, Cidade', '912345017');
INSERT INTO restaurants (id, name, address, phone) VALUES (18, 'The Green Leaf 18', 'Rua das Flores, 94, Cidade', '912345018');
INSERT INTO restaurants (id, name, address, phone) VALUES (19, 'The Green Leaf 19', 'Rua das Flores, 67, Cidade', '912345019');
INSERT INTO restaurants (id, name, address, phone) VALUES (20, 'The Green Leaf 20', 'Rua das Flores, 82, Cidade', '912345020');

-- Seed Weight Entries
INSERT INTO weight_entries (user_id, weight, date) VALUES (1, 74.9, '2026-02-15');
INSERT INTO weight_entries (user_id, weight, date) VALUES (1, 73.9, '2026-02-08');
INSERT INTO weight_entries (user_id, weight, date) VALUES (1, 73.2, '2026-02-01');
INSERT INTO weight_entries (user_id, weight, date) VALUES (1, 76.4, '2026-01-25');
INSERT INTO weight_entries (user_id, weight, date) VALUES (1, 76.0, '2026-01-18');
INSERT INTO weight_entries (user_id, weight, date) VALUES (1, 74.7, '2026-01-11');
INSERT INTO weight_entries (user_id, weight, date) VALUES (1, 76.1, '2026-01-04');
INSERT INTO weight_entries (user_id, weight, date) VALUES (1, 75.3, '2025-12-28');
INSERT INTO weight_entries (user_id, weight, date) VALUES (1, 76.4, '2025-12-21');
INSERT INTO weight_entries (user_id, weight, date) VALUES (1, 74.9, '2025-12-14');
INSERT INTO weight_entries (user_id, weight, date) VALUES (1, 75.2, '2025-12-07');
INSERT INTO weight_entries (user_id, weight, date) VALUES (1, 75.8, '2025-11-30');
INSERT INTO weight_entries (user_id, weight, date) VALUES (1, 75.1, '2025-11-23');
INSERT INTO weight_entries (user_id, weight, date) VALUES (1, 75.6, '2025-11-16');
INSERT INTO weight_entries (user_id, weight, date) VALUES (1, 76.4, '2025-11-09');
INSERT INTO weight_entries (user_id, weight, date) VALUES (1, 76.8, '2025-11-02');
INSERT INTO weight_entries (user_id, weight, date) VALUES (1, 75.6, '2025-10-26');
INSERT INTO weight_entries (user_id, weight, date) VALUES (1, 75.4, '2025-10-19');
INSERT INTO weight_entries (user_id, weight, date) VALUES (1, 73.6, '2025-10-12');
INSERT INTO weight_entries (user_id, weight, date) VALUES (1, 76.9, '2025-10-05');
INSERT INTO weight_entries (user_id, weight, date) VALUES (2, 73.9, '2026-02-15');
INSERT INTO weight_entries (user_id, weight, date) VALUES (2, 73.1, '2026-02-08');
INSERT INTO weight_entries (user_id, weight, date) VALUES (2, 73.7, '2026-02-01');
INSERT INTO weight_entries (user_id, weight, date) VALUES (2, 74.0, '2026-01-25');
INSERT INTO weight_entries (user_id, weight, date) VALUES (2, 75.8, '2026-01-18');
INSERT INTO weight_entries (user_id, weight, date) VALUES (2, 75.1, '2026-01-11');
INSERT INTO weight_entries (user_id, weight, date) VALUES (2, 76.1, '2026-01-04');
INSERT INTO weight_entries (user_id, weight, date) VALUES (2, 75.4, '2025-12-28');
INSERT INTO weight_entries (user_id, weight, date) VALUES (2, 73.8, '2025-12-21');
INSERT INTO weight_entries (user_id, weight, date) VALUES (2, 77.0, '2025-12-14');
INSERT INTO weight_entries (user_id, weight, date) VALUES (2, 75.0, '2025-12-07');
INSERT INTO weight_entries (user_id, weight, date) VALUES (2, 76.7, '2025-11-30');
INSERT INTO weight_entries (user_id, weight, date) VALUES (2, 74.2, '2025-11-23');
INSERT INTO weight_entries (user_id, weight, date) VALUES (2, 74.2, '2025-11-16');
INSERT INTO weight_entries (user_id, weight, date) VALUES (2, 76.0, '2025-11-09');
INSERT INTO weight_entries (user_id, weight, date) VALUES (2, 74.6, '2025-11-02');
INSERT INTO weight_entries (user_id, weight, date) VALUES (2, 73.7, '2025-10-26');
INSERT INTO weight_entries (user_id, weight, date) VALUES (2, 74.6, '2025-10-19');
INSERT INTO weight_entries (user_id, weight, date) VALUES (2, 73.3, '2025-10-12');
INSERT INTO weight_entries (user_id, weight, date) VALUES (2, 74.7, '2025-10-05');
INSERT INTO weight_entries (user_id, weight, date) VALUES (3, 75.0, '2026-02-15');
INSERT INTO weight_entries (user_id, weight, date) VALUES (3, 73.7, '2026-02-08');
INSERT INTO weight_entries (user_id, weight, date) VALUES (3, 75.7, '2026-02-01');
INSERT INTO weight_entries (user_id, weight, date) VALUES (3, 73.9, '2026-01-25');
INSERT INTO weight_entries (user_id, weight, date) VALUES (3, 76.0, '2026-01-18');
INSERT INTO weight_entries (user_id, weight, date) VALUES (3, 74.0, '2026-01-11');
INSERT INTO weight_entries (user_id, weight, date) VALUES (3, 76.2, '2026-01-04');
INSERT INTO weight_entries (user_id, weight, date) VALUES (3, 74.4, '2025-12-28');
INSERT INTO weight_entries (user_id, weight, date) VALUES (3, 73.4, '2025-12-21');
INSERT INTO weight_entries (user_id, weight, date) VALUES (3, 73.4, '2025-12-14');
INSERT INTO weight_entries (user_id, weight, date) VALUES (3, 76.0, '2025-12-07');
INSERT INTO weight_entries (user_id, weight, date) VALUES (3, 74.0, '2025-11-30');
INSERT INTO weight_entries (user_id, weight, date) VALUES (3, 75.5, '2025-11-23');
INSERT INTO weight_entries (user_id, weight, date) VALUES (3, 74.7, '2025-11-16');
INSERT INTO weight_entries (user_id, weight, date) VALUES (3, 73.3, '2025-11-09');
INSERT INTO weight_entries (user_id, weight, date) VALUES (3, 73.9, '2025-11-02');
INSERT INTO weight_entries (user_id, weight, date) VALUES (3, 75.8, '2025-10-26');
INSERT INTO weight_entries (user_id, weight, date) VALUES (3, 75.9, '2025-10-19');
INSERT INTO weight_entries (user_id, weight, date) VALUES (3, 74.4, '2025-10-12');
INSERT INTO weight_entries (user_id, weight, date) VALUES (3, 74.2, '2025-10-05');
INSERT INTO weight_entries (user_id, weight, date) VALUES (4, 75.4, '2026-02-15');
INSERT INTO weight_entries (user_id, weight, date) VALUES (4, 73.1, '2026-02-08');
INSERT INTO weight_entries (user_id, weight, date) VALUES (4, 74.0, '2026-02-01');
INSERT INTO weight_entries (user_id, weight, date) VALUES (4, 76.5, '2026-01-25');
INSERT INTO weight_entries (user_id, weight, date) VALUES (4, 76.0, '2026-01-18');
INSERT INTO weight_entries (user_id, weight, date) VALUES (4, 74.5, '2026-01-11');
INSERT INTO weight_entries (user_id, weight, date) VALUES (4, 75.6, '2026-01-04');
INSERT INTO weight_entries (user_id, weight, date) VALUES (4, 75.1, '2025-12-28');
INSERT INTO weight_entries (user_id, weight, date) VALUES (4, 75.2, '2025-12-21');
INSERT INTO weight_entries (user_id, weight, date) VALUES (4, 76.8, '2025-12-14');
INSERT INTO weight_entries (user_id, weight, date) VALUES (4, 74.6, '2025-12-07');
INSERT INTO weight_entries (user_id, weight, date) VALUES (4, 76.4, '2025-11-30');
INSERT INTO weight_entries (user_id, weight, date) VALUES (4, 76.5, '2025-11-23');
INSERT INTO weight_entries (user_id, weight, date) VALUES (4, 76.8, '2025-11-16');
INSERT INTO weight_entries (user_id, weight, date) VALUES (4, 74.2, '2025-11-09');
INSERT INTO weight_entries (user_id, weight, date) VALUES (4, 75.8, '2025-11-02');
INSERT INTO weight_entries (user_id, weight, date) VALUES (4, 76.5, '2025-10-26');
INSERT INTO weight_entries (user_id, weight, date) VALUES (4, 73.6, '2025-10-19');
INSERT INTO weight_entries (user_id, weight, date) VALUES (4, 76.0, '2025-10-12');
INSERT INTO weight_entries (user_id, weight, date) VALUES (4, 74.0, '2025-10-05');
INSERT INTO weight_entries (user_id, weight, date) VALUES (5, 75.3, '2026-02-15');
INSERT INTO weight_entries (user_id, weight, date) VALUES (5, 74.2, '2026-02-08');
INSERT INTO weight_entries (user_id, weight, date) VALUES (5, 75.7, '2026-02-01');
INSERT INTO weight_entries (user_id, weight, date) VALUES (5, 74.3, '2026-01-25');
INSERT INTO weight_entries (user_id, weight, date) VALUES (5, 77.0, '2026-01-18');
INSERT INTO weight_entries (user_id, weight, date) VALUES (5, 75.7, '2026-01-11');
INSERT INTO weight_entries (user_id, weight, date) VALUES (5, 76.8, '2026-01-04');
INSERT INTO weight_entries (user_id, weight, date) VALUES (5, 74.7, '2025-12-28');
INSERT INTO weight_entries (user_id, weight, date) VALUES (5, 74.2, '2025-12-21');
INSERT INTO weight_entries (user_id, weight, date) VALUES (5, 75.9, '2025-12-14');
INSERT INTO weight_entries (user_id, weight, date) VALUES (5, 76.6, '2025-12-07');
INSERT INTO weight_entries (user_id, weight, date) VALUES (5, 75.1, '2025-11-30');
INSERT INTO weight_entries (user_id, weight, date) VALUES (5, 73.1, '2025-11-23');
INSERT INTO weight_entries (user_id, weight, date) VALUES (5, 74.7, '2025-11-16');
INSERT INTO weight_entries (user_id, weight, date) VALUES (5, 76.7, '2025-11-09');
INSERT INTO weight_entries (user_id, weight, date) VALUES (5, 73.2, '2025-11-02');
INSERT INTO weight_entries (user_id, weight, date) VALUES (5, 75.7, '2025-10-26');
INSERT INTO weight_entries (user_id, weight, date) VALUES (5, 75.3, '2025-10-19');
INSERT INTO weight_entries (user_id, weight, date) VALUES (5, 75.1, '2025-10-12');
INSERT INTO weight_entries (user_id, weight, date) VALUES (5, 75.7, '2025-10-05');
INSERT INTO weight_entries (user_id, weight, date) VALUES (6, 74.3, '2026-02-15');
INSERT INTO weight_entries (user_id, weight, date) VALUES (6, 75.2, '2026-02-08');
INSERT INTO weight_entries (user_id, weight, date) VALUES (6, 73.4, '2026-02-01');
INSERT INTO weight_entries (user_id, weight, date) VALUES (6, 75.8, '2026-01-25');
INSERT INTO weight_entries (user_id, weight, date) VALUES (6, 73.5, '2026-01-18');
INSERT INTO weight_entries (user_id, weight, date) VALUES (6, 73.9, '2026-01-11');
INSERT INTO weight_entries (user_id, weight, date) VALUES (6, 73.4, '2026-01-04');
INSERT INTO weight_entries (user_id, weight, date) VALUES (6, 74.5, '2025-12-28');
INSERT INTO weight_entries (user_id, weight, date) VALUES (6, 74.0, '2025-12-21');
INSERT INTO weight_entries (user_id, weight, date) VALUES (6, 75.8, '2025-12-14');
INSERT INTO weight_entries (user_id, weight, date) VALUES (6, 75.5, '2025-12-07');
INSERT INTO weight_entries (user_id, weight, date) VALUES (6, 73.9, '2025-11-30');
INSERT INTO weight_entries (user_id, weight, date) VALUES (6, 74.4, '2025-11-23');
INSERT INTO weight_entries (user_id, weight, date) VALUES (6, 74.7, '2025-11-16');
INSERT INTO weight_entries (user_id, weight, date) VALUES (6, 74.2, '2025-11-09');
INSERT INTO weight_entries (user_id, weight, date) VALUES (6, 74.1, '2025-11-02');
INSERT INTO weight_entries (user_id, weight, date) VALUES (6, 74.8, '2025-10-26');
INSERT INTO weight_entries (user_id, weight, date) VALUES (6, 73.8, '2025-10-19');
INSERT INTO weight_entries (user_id, weight, date) VALUES (6, 76.3, '2025-10-12');
INSERT INTO weight_entries (user_id, weight, date) VALUES (6, 75.9, '2025-10-05');
INSERT INTO weight_entries (user_id, weight, date) VALUES (7, 76.0, '2026-02-15');
INSERT INTO weight_entries (user_id, weight, date) VALUES (7, 73.5, '2026-02-08');
INSERT INTO weight_entries (user_id, weight, date) VALUES (7, 76.9, '2026-02-01');
INSERT INTO weight_entries (user_id, weight, date) VALUES (7, 73.1, '2026-01-25');
INSERT INTO weight_entries (user_id, weight, date) VALUES (7, 73.1, '2026-01-18');
INSERT INTO weight_entries (user_id, weight, date) VALUES (7, 77.0, '2026-01-11');
INSERT INTO weight_entries (user_id, weight, date) VALUES (7, 75.3, '2026-01-04');
INSERT INTO weight_entries (user_id, weight, date) VALUES (7, 73.3, '2025-12-28');
INSERT INTO weight_entries (user_id, weight, date) VALUES (7, 76.6, '2025-12-21');
INSERT INTO weight_entries (user_id, weight, date) VALUES (7, 75.7, '2025-12-14');
INSERT INTO weight_entries (user_id, weight, date) VALUES (7, 73.8, '2025-12-07');
INSERT INTO weight_entries (user_id, weight, date) VALUES (7, 74.0, '2025-11-30');
INSERT INTO weight_entries (user_id, weight, date) VALUES (7, 73.4, '2025-11-23');
INSERT INTO weight_entries (user_id, weight, date) VALUES (7, 73.1, '2025-11-16');
INSERT INTO weight_entries (user_id, weight, date) VALUES (7, 73.3, '2025-11-09');
INSERT INTO weight_entries (user_id, weight, date) VALUES (7, 74.6, '2025-11-02');
INSERT INTO weight_entries (user_id, weight, date) VALUES (7, 73.9, '2025-10-26');
INSERT INTO weight_entries (user_id, weight, date) VALUES (7, 75.4, '2025-10-19');
INSERT INTO weight_entries (user_id, weight, date) VALUES (7, 75.4, '2025-10-12');
INSERT INTO weight_entries (user_id, weight, date) VALUES (7, 75.5, '2025-10-05');
INSERT INTO weight_entries (user_id, weight, date) VALUES (8, 76.5, '2026-02-15');
INSERT INTO weight_entries (user_id, weight, date) VALUES (8, 74.0, '2026-02-08');
INSERT INTO weight_entries (user_id, weight, date) VALUES (8, 76.9, '2026-02-01');
INSERT INTO weight_entries (user_id, weight, date) VALUES (8, 75.0, '2026-01-25');
INSERT INTO weight_entries (user_id, weight, date) VALUES (8, 74.0, '2026-01-18');
INSERT INTO weight_entries (user_id, weight, date) VALUES (8, 76.9, '2026-01-11');
INSERT INTO weight_entries (user_id, weight, date) VALUES (8, 73.9, '2026-01-04');
INSERT INTO weight_entries (user_id, weight, date) VALUES (8, 75.2, '2025-12-28');
INSERT INTO weight_entries (user_id, weight, date) VALUES (8, 76.5, '2025-12-21');
INSERT INTO weight_entries (user_id, weight, date) VALUES (8, 73.8, '2025-12-14');
INSERT INTO weight_entries (user_id, weight, date) VALUES (8, 76.5, '2025-12-07');
INSERT INTO weight_entries (user_id, weight, date) VALUES (8, 74.8, '2025-11-30');
INSERT INTO weight_entries (user_id, weight, date) VALUES (8, 73.9, '2025-11-23');
INSERT INTO weight_entries (user_id, weight, date) VALUES (8, 75.2, '2025-11-16');
INSERT INTO weight_entries (user_id, weight, date) VALUES (8, 76.9, '2025-11-09');
INSERT INTO weight_entries (user_id, weight, date) VALUES (8, 76.4, '2025-11-02');
INSERT INTO weight_entries (user_id, weight, date) VALUES (8, 75.7, '2025-10-26');
INSERT INTO weight_entries (user_id, weight, date) VALUES (8, 75.2, '2025-10-19');
INSERT INTO weight_entries (user_id, weight, date) VALUES (8, 76.9, '2025-10-12');
INSERT INTO weight_entries (user_id, weight, date) VALUES (8, 73.9, '2025-10-05');
INSERT INTO weight_entries (user_id, weight, date) VALUES (9, 76.7, '2026-02-15');
INSERT INTO weight_entries (user_id, weight, date) VALUES (9, 75.9, '2026-02-08');
INSERT INTO weight_entries (user_id, weight, date) VALUES (9, 75.9, '2026-02-01');
INSERT INTO weight_entries (user_id, weight, date) VALUES (9, 75.4, '2026-01-25');
INSERT INTO weight_entries (user_id, weight, date) VALUES (9, 76.3, '2026-01-18');
INSERT INTO weight_entries (user_id, weight, date) VALUES (9, 74.3, '2026-01-11');
INSERT INTO weight_entries (user_id, weight, date) VALUES (9, 76.6, '2026-01-04');
INSERT INTO weight_entries (user_id, weight, date) VALUES (9, 74.5, '2025-12-28');
INSERT INTO weight_entries (user_id, weight, date) VALUES (9, 75.8, '2025-12-21');
INSERT INTO weight_entries (user_id, weight, date) VALUES (9, 76.4, '2025-12-14');
INSERT INTO weight_entries (user_id, weight, date) VALUES (9, 74.3, '2025-12-07');
INSERT INTO weight_entries (user_id, weight, date) VALUES (9, 73.3, '2025-11-30');
INSERT INTO weight_entries (user_id, weight, date) VALUES (9, 73.2, '2025-11-23');
INSERT INTO weight_entries (user_id, weight, date) VALUES (9, 76.1, '2025-11-16');
INSERT INTO weight_entries (user_id, weight, date) VALUES (9, 75.1, '2025-11-09');
INSERT INTO weight_entries (user_id, weight, date) VALUES (9, 76.1, '2025-11-02');
INSERT INTO weight_entries (user_id, weight, date) VALUES (9, 75.0, '2025-10-26');
INSERT INTO weight_entries (user_id, weight, date) VALUES (9, 75.1, '2025-10-19');
INSERT INTO weight_entries (user_id, weight, date) VALUES (9, 75.4, '2025-10-12');
INSERT INTO weight_entries (user_id, weight, date) VALUES (9, 74.7, '2025-10-05');
INSERT INTO weight_entries (user_id, weight, date) VALUES (10, 73.2, '2026-02-15');
INSERT INTO weight_entries (user_id, weight, date) VALUES (10, 76.4, '2026-02-08');
INSERT INTO weight_entries (user_id, weight, date) VALUES (10, 76.7, '2026-02-01');
INSERT INTO weight_entries (user_id, weight, date) VALUES (10, 73.8, '2026-01-25');
INSERT INTO weight_entries (user_id, weight, date) VALUES (10, 73.4, '2026-01-18');
INSERT INTO weight_entries (user_id, weight, date) VALUES (10, 73.9, '2026-01-11');
INSERT INTO weight_entries (user_id, weight, date) VALUES (10, 74.4, '2026-01-04');
INSERT INTO weight_entries (user_id, weight, date) VALUES (10, 75.1, '2025-12-28');
INSERT INTO weight_entries (user_id, weight, date) VALUES (10, 74.0, '2025-12-21');
INSERT INTO weight_entries (user_id, weight, date) VALUES (10, 75.6, '2025-12-14');
INSERT INTO weight_entries (user_id, weight, date) VALUES (10, 73.8, '2025-12-07');
INSERT INTO weight_entries (user_id, weight, date) VALUES (10, 73.5, '2025-11-30');
INSERT INTO weight_entries (user_id, weight, date) VALUES (10, 76.2, '2025-11-23');
INSERT INTO weight_entries (user_id, weight, date) VALUES (10, 74.9, '2025-11-16');
INSERT INTO weight_entries (user_id, weight, date) VALUES (10, 76.4, '2025-11-09');
INSERT INTO weight_entries (user_id, weight, date) VALUES (10, 75.8, '2025-11-02');
INSERT INTO weight_entries (user_id, weight, date) VALUES (10, 73.3, '2025-10-26');
INSERT INTO weight_entries (user_id, weight, date) VALUES (10, 73.7, '2025-10-19');
INSERT INTO weight_entries (user_id, weight, date) VALUES (10, 74.8, '2025-10-12');
INSERT INTO weight_entries (user_id, weight, date) VALUES (10, 74.4, '2025-10-05');

-- Seed Diary Days and Meals
INSERT INTO diary_days (id, user_id, date_key, goal, water_liters) VALUES (1, 1, '2026-02-15', 2000, 2.0);
INSERT INTO diary_meals (id, day_id, section, name, grams, calories, protein, carbs, fat) VALUES (1, 1, 'breakfast', 'Iogurte', 200, 400, 20, 40, 10);
INSERT INTO diary_meals (id, day_id, section, name, grams, calories, protein, carbs, fat) VALUES (2, 1, 'lunch', 'Frango com Arroz', 200, 400, 20, 40, 10);
INSERT INTO diary_meals (id, day_id, section, name, grams, calories, protein, carbs, fat) VALUES (3, 1, 'snack', 'Fruta', 200, 400, 20, 40, 10);
INSERT INTO diary_meals (id, day_id, section, name, grams, calories, protein, carbs, fat) VALUES (4, 1, 'dinner', 'Sopa', 200, 400, 20, 40, 10);
INSERT INTO diary_days (id, user_id, date_key, goal, water_liters) VALUES (2, 1, '2026-02-14', 2000, 2.0);
INSERT INTO diary_meals (id, day_id, section, name, grams, calories, protein, carbs, fat) VALUES (5, 2, 'breakfast', 'Pão Integral', 200, 400, 20, 40, 10);
INSERT INTO diary_meals (id, day_id, section, name, grams, calories, protein, carbs, fat) VALUES (6, 2, 'lunch', 'Frango com Arroz', 200, 400, 20, 40, 10);
INSERT INTO diary_meals (id, day_id, section, name, grams, calories, protein, carbs, fat) VALUES (7, 2, 'snack', 'Fruta', 200, 400, 20, 40, 10);
INSERT INTO diary_meals (id, day_id, section, name, grams, calories, protein, carbs, fat) VALUES (8, 2, 'dinner', 'Sopa', 200, 400, 20, 40, 10);
INSERT INTO diary_days (id, user_id, date_key, goal, water_liters) VALUES (3, 1, '2026-02-13', 2000, 2.0);
INSERT INTO diary_meals (id, day_id, section, name, grams, calories, protein, carbs, fat) VALUES (9, 3, 'breakfast', 'Iogurte', 200, 400, 20, 40, 10);
INSERT INTO diary_meals (id, day_id, section, name, grams, calories, protein, carbs, fat) VALUES (10, 3, 'lunch', 'Frango com Arroz', 200, 400, 20, 40, 10);
INSERT INTO diary_meals (id, day_id, section, name, grams, calories, protein, carbs, fat) VALUES (11, 3, 'snack', 'Fruta', 200, 400, 20, 40, 10);
INSERT INTO diary_meals (id, day_id, section, name, grams, calories, protein, carbs, fat) VALUES (12, 3, 'dinner', 'Sopa', 200, 400, 20, 40, 10);
INSERT INTO diary_days (id, user_id, date_key, goal, water_liters) VALUES (4, 1, '2026-02-12', 2000, 2.0);
INSERT INTO diary_meals (id, day_id, section, name, grams, calories, protein, carbs, fat) VALUES (13, 4, 'breakfast', 'Pão Integral', 200, 400, 20, 40, 10);
INSERT INTO diary_meals (id, day_id, section, name, grams, calories, protein, carbs, fat) VALUES (14, 4, 'lunch', 'Frango com Arroz', 200, 400, 20, 40, 10);
INSERT INTO diary_meals (id, day_id, section, name, grams, calories, protein, carbs, fat) VALUES (15, 4, 'snack', 'Fruta', 200, 400, 20, 40, 10);
INSERT INTO diary_meals (id, day_id, section, name, grams, calories, protein, carbs, fat) VALUES (16, 4, 'dinner', 'Sopa', 200, 400, 20, 40, 10);
INSERT INTO diary_days (id, user_id, date_key, goal, water_liters) VALUES (5, 1, '2026-02-11', 2000, 2.0);
INSERT INTO diary_meals (id, day_id, section, name, grams, calories, protein, carbs, fat) VALUES (17, 5, 'breakfast', 'Iogurte', 200, 400, 20, 40, 10);
INSERT INTO diary_meals (id, day_id, section, name, grams, calories, protein, carbs, fat) VALUES (18, 5, 'lunch', 'Frango com Arroz', 200, 400, 20, 40, 10);
INSERT INTO diary_meals (id, day_id, section, name, grams, calories, protein, carbs, fat) VALUES (19, 5, 'snack', 'Fruta', 200, 400, 20, 40, 10);
INSERT INTO diary_meals (id, day_id, section, name, grams, calories, protein, carbs, fat) VALUES (20, 5, 'dinner', 'Sopa', 200, 400, 20, 40, 10);
INSERT INTO diary_days (id, user_id, date_key, goal, water_liters) VALUES (6, 1, '2026-02-10', 2000, 2.0);
INSERT INTO diary_meals (id, day_id, section, name, grams, calories, protein, carbs, fat) VALUES (21, 6, 'breakfast', 'Pão Integral', 200, 400, 20, 40, 10);
INSERT INTO diary_meals (id, day_id, section, name, grams, calories, protein, carbs, fat) VALUES (22, 6, 'lunch', 'Frango com Arroz', 200, 400, 20, 40, 10);
INSERT INTO diary_meals (id, day_id, section, name, grams, calories, protein, carbs, fat) VALUES (23, 6, 'snack', 'Fruta', 200, 400, 20, 40, 10);
INSERT INTO diary_meals (id, day_id, section, name, grams, calories, protein, carbs, fat) VALUES (24, 6, 'dinner', 'Sopa', 200, 400, 20, 40, 10);
INSERT INTO diary_days (id, user_id, date_key, goal, water_liters) VALUES (7, 1, '2026-02-09', 2000, 2.0);
INSERT INTO diary_meals (id, day_id, section, name, grams, calories, protein, carbs, fat) VALUES (25, 7, 'breakfast', 'Pão Integral', 200, 400, 20, 40, 10);
INSERT INTO diary_meals (id, day_id, section, name, grams, calories, protein, carbs, fat) VALUES (26, 7, 'lunch', 'Frango com Arroz', 200, 400, 20, 40, 10);
INSERT INTO diary_meals (id, day_id, section, name, grams, calories, protein, carbs, fat) VALUES (27, 7, 'snack', 'Fruta', 200, 400, 20, 40, 10);
INSERT INTO diary_meals (id, day_id, section, name, grams, calories, protein, carbs, fat) VALUES (28, 7, 'dinner', 'Sopa', 200, 400, 20, 40, 10);
INSERT INTO diary_days (id, user_id, date_key, goal, water_liters) VALUES (8, 1, '2026-02-08', 2000, 2.0);
INSERT INTO diary_meals (id, day_id, section, name, grams, calories, protein, carbs, fat) VALUES (29, 8, 'breakfast', 'Iogurte', 200, 400, 20, 40, 10);
INSERT INTO diary_meals (id, day_id, section, name, grams, calories, protein, carbs, fat) VALUES (30, 8, 'lunch', 'Frango com Arroz', 200, 400, 20, 40, 10);
INSERT INTO diary_meals (id, day_id, section, name, grams, calories, protein, carbs, fat) VALUES (31, 8, 'snack', 'Fruta', 200, 400, 20, 40, 10);
INSERT INTO diary_meals (id, day_id, section, name, grams, calories, protein, carbs, fat) VALUES (32, 8, 'dinner', 'Sopa', 200, 400, 20, 40, 10);
INSERT INTO diary_days (id, user_id, date_key, goal, water_liters) VALUES (9, 1, '2026-02-07', 2000, 2.0);
INSERT INTO diary_meals (id, day_id, section, name, grams, calories, protein, carbs, fat) VALUES (33, 9, 'breakfast', 'Pão Integral', 200, 400, 20, 40, 10);
INSERT INTO diary_meals (id, day_id, section, name, grams, calories, protein, carbs, fat) VALUES (34, 9, 'lunch', 'Frango com Arroz', 200, 400, 20, 40, 10);
INSERT INTO diary_meals (id, day_id, section, name, grams, calories, protein, carbs, fat) VALUES (35, 9, 'snack', 'Fruta', 200, 400, 20, 40, 10);
INSERT INTO diary_meals (id, day_id, section, name, grams, calories, protein, carbs, fat) VALUES (36, 9, 'dinner', 'Sopa', 200, 400, 20, 40, 10);
INSERT INTO diary_days (id, user_id, date_key, goal, water_liters) VALUES (10, 1, '2026-02-06', 2000, 2.0);
INSERT INTO diary_meals (id, day_id, section, name, grams, calories, protein, carbs, fat) VALUES (37, 10, 'breakfast', 'Pão Integral', 200, 400, 20, 40, 10);
INSERT INTO diary_meals (id, day_id, section, name, grams, calories, protein, carbs, fat) VALUES (38, 10, 'lunch', 'Frango com Arroz', 200, 400, 20, 40, 10);
INSERT INTO diary_meals (id, day_id, section, name, grams, calories, protein, carbs, fat) VALUES (39, 10, 'snack', 'Fruta', 200, 400, 20, 40, 10);
INSERT INTO diary_meals (id, day_id, section, name, grams, calories, protein, carbs, fat) VALUES (40, 10, 'dinner', 'Sopa', 200, 400, 20, 40, 10);
INSERT INTO diary_days (id, user_id, date_key, goal, water_liters) VALUES (11, 1, '2026-02-05', 2000, 2.0);
INSERT INTO diary_meals (id, day_id, section, name, grams, calories, protein, carbs, fat) VALUES (41, 11, 'breakfast', 'Iogurte', 200, 400, 20, 40, 10);
INSERT INTO diary_meals (id, day_id, section, name, grams, calories, protein, carbs, fat) VALUES (42, 11, 'lunch', 'Frango com Arroz', 200, 400, 20, 40, 10);
INSERT INTO diary_meals (id, day_id, section, name, grams, calories, protein, carbs, fat) VALUES (43, 11, 'snack', 'Fruta', 200, 400, 20, 40, 10);
INSERT INTO diary_meals (id, day_id, section, name, grams, calories, protein, carbs, fat) VALUES (44, 11, 'dinner', 'Sopa', 200, 400, 20, 40, 10);
INSERT INTO diary_days (id, user_id, date_key, goal, water_liters) VALUES (12, 1, '2026-02-04', 2000, 2.0);
INSERT INTO diary_meals (id, day_id, section, name, grams, calories, protein, carbs, fat) VALUES (45, 12, 'breakfast', 'Pão Integral', 200, 400, 20, 40, 10);
INSERT INTO diary_meals (id, day_id, section, name, grams, calories, protein, carbs, fat) VALUES (46, 12, 'lunch', 'Frango com Arroz', 200, 400, 20, 40, 10);
INSERT INTO diary_meals (id, day_id, section, name, grams, calories, protein, carbs, fat) VALUES (47, 12, 'snack', 'Fruta', 200, 400, 20, 40, 10);
INSERT INTO diary_meals (id, day_id, section, name, grams, calories, protein, carbs, fat) VALUES (48, 12, 'dinner', 'Sopa', 200, 400, 20, 40, 10);
INSERT INTO diary_days (id, user_id, date_key, goal, water_liters) VALUES (13, 1, '2026-02-03', 2000, 2.0);
INSERT INTO diary_meals (id, day_id, section, name, grams, calories, protein, carbs, fat) VALUES (49, 13, 'breakfast', 'Pão Integral', 200, 400, 20, 40, 10);
INSERT INTO diary_meals (id, day_id, section, name, grams, calories, protein, carbs, fat) VALUES (50, 13, 'lunch', 'Frango com Arroz', 200, 400, 20, 40, 10);
INSERT INTO diary_meals (id, day_id, section, name, grams, calories, protein, carbs, fat) VALUES (51, 13, 'snack', 'Fruta', 200, 400, 20, 40, 10);
INSERT INTO diary_meals (id, day_id, section, name, grams, calories, protein, carbs, fat) VALUES (52, 13, 'dinner', 'Sopa', 200, 400, 20, 40, 10);
INSERT INTO diary_days (id, user_id, date_key, goal, water_liters) VALUES (14, 1, '2026-02-02', 2000, 2.0);
INSERT INTO diary_meals (id, day_id, section, name, grams, calories, protein, carbs, fat) VALUES (53, 14, 'breakfast', 'Iogurte', 200, 400, 20, 40, 10);
INSERT INTO diary_meals (id, day_id, section, name, grams, calories, protein, carbs, fat) VALUES (54, 14, 'lunch', 'Frango com Arroz', 200, 400, 20, 40, 10);
INSERT INTO diary_meals (id, day_id, section, name, grams, calories, protein, carbs, fat) VALUES (55, 14, 'snack', 'Fruta', 200, 400, 20, 40, 10);
INSERT INTO diary_meals (id, day_id, section, name, grams, calories, protein, carbs, fat) VALUES (56, 14, 'dinner', 'Sopa', 200, 400, 20, 40, 10);
INSERT INTO diary_days (id, user_id, date_key, goal, water_liters) VALUES (15, 1, '2026-02-01', 2000, 2.0);
INSERT INTO diary_meals (id, day_id, section, name, grams, calories, protein, carbs, fat) VALUES (57, 15, 'breakfast', 'Iogurte', 200, 400, 20, 40, 10);
INSERT INTO diary_meals (id, day_id, section, name, grams, calories, protein, carbs, fat) VALUES (58, 15, 'lunch', 'Frango com Arroz', 200, 400, 20, 40, 10);
INSERT INTO diary_meals (id, day_id, section, name, grams, calories, protein, carbs, fat) VALUES (59, 15, 'snack', 'Fruta', 200, 400, 20, 40, 10);
INSERT INTO diary_meals (id, day_id, section, name, grams, calories, protein, carbs, fat) VALUES (60, 15, 'dinner', 'Sopa', 200, 400, 20, 40, 10);
INSERT INTO diary_days (id, user_id, date_key, goal, water_liters) VALUES (16, 2, '2026-02-15', 2000, 2.0);
INSERT INTO diary_meals (id, day_id, section, name, grams, calories, protein, carbs, fat) VALUES (61, 16, 'breakfast', 'Iogurte', 200, 400, 20, 40, 10);
INSERT INTO diary_meals (id, day_id, section, name, grams, calories, protein, carbs, fat) VALUES (62, 16, 'lunch', 'Frango com Arroz', 200, 400, 20, 40, 10);
INSERT INTO diary_meals (id, day_id, section, name, grams, calories, protein, carbs, fat) VALUES (63, 16, 'snack', 'Fruta', 200, 400, 20, 40, 10);
INSERT INTO diary_meals (id, day_id, section, name, grams, calories, protein, carbs, fat) VALUES (64, 16, 'dinner', 'Sopa', 200, 400, 20, 40, 10);
INSERT INTO diary_days (id, user_id, date_key, goal, water_liters) VALUES (17, 2, '2026-02-14', 2000, 2.0);
INSERT INTO diary_meals (id, day_id, section, name, grams, calories, protein, carbs, fat) VALUES (65, 17, 'breakfast', 'Iogurte', 200, 400, 20, 40, 10);
INSERT INTO diary_meals (id, day_id, section, name, grams, calories, protein, carbs, fat) VALUES (66, 17, 'lunch', 'Frango com Arroz', 200, 400, 20, 40, 10);
INSERT INTO diary_meals (id, day_id, section, name, grams, calories, protein, carbs, fat) VALUES (67, 17, 'snack', 'Fruta', 200, 400, 20, 40, 10);
INSERT INTO diary_meals (id, day_id, section, name, grams, calories, protein, carbs, fat) VALUES (68, 17, 'dinner', 'Sopa', 200, 400, 20, 40, 10);
INSERT INTO diary_days (id, user_id, date_key, goal, water_liters) VALUES (18, 2, '2026-02-13', 2000, 2.0);
INSERT INTO diary_meals (id, day_id, section, name, grams, calories, protein, carbs, fat) VALUES (69, 18, 'breakfast', 'Iogurte', 200, 400, 20, 40, 10);
INSERT INTO diary_meals (id, day_id, section, name, grams, calories, protein, carbs, fat) VALUES (70, 18, 'lunch', 'Frango com Arroz', 200, 400, 20, 40, 10);
INSERT INTO diary_meals (id, day_id, section, name, grams, calories, protein, carbs, fat) VALUES (71, 18, 'snack', 'Fruta', 200, 400, 20, 40, 10);
INSERT INTO diary_meals (id, day_id, section, name, grams, calories, protein, carbs, fat) VALUES (72, 18, 'dinner', 'Sopa', 200, 400, 20, 40, 10);
INSERT INTO diary_days (id, user_id, date_key, goal, water_liters) VALUES (19, 2, '2026-02-12', 2000, 2.0);
INSERT INTO diary_meals (id, day_id, section, name, grams, calories, protein, carbs, fat) VALUES (73, 19, 'breakfast', 'Pão Integral', 200, 400, 20, 40, 10);
INSERT INTO diary_meals (id, day_id, section, name, grams, calories, protein, carbs, fat) VALUES (74, 19, 'lunch', 'Frango com Arroz', 200, 400, 20, 40, 10);
INSERT INTO diary_meals (id, day_id, section, name, grams, calories, protein, carbs, fat) VALUES (75, 19, 'snack', 'Fruta', 200, 400, 20, 40, 10);
INSERT INTO diary_meals (id, day_id, section, name, grams, calories, protein, carbs, fat) VALUES (76, 19, 'dinner', 'Sopa', 200, 400, 20, 40, 10);
INSERT INTO diary_days (id, user_id, date_key, goal, water_liters) VALUES (20, 2, '2026-02-11', 2000, 2.0);
INSERT INTO diary_meals (id, day_id, section, name, grams, calories, protein, carbs, fat) VALUES (77, 20, 'breakfast', 'Pão Integral', 200, 400, 20, 40, 10);
INSERT INTO diary_meals (id, day_id, section, name, grams, calories, protein, carbs, fat) VALUES (78, 20, 'lunch', 'Frango com Arroz', 200, 400, 20, 40, 10);
INSERT INTO diary_meals (id, day_id, section, name, grams, calories, protein, carbs, fat) VALUES (79, 20, 'snack', 'Fruta', 200, 400, 20, 40, 10);
INSERT INTO diary_meals (id, day_id, section, name, grams, calories, protein, carbs, fat) VALUES (80, 20, 'dinner', 'Sopa', 200, 400, 20, 40, 10);
INSERT INTO diary_days (id, user_id, date_key, goal, water_liters) VALUES (21, 2, '2026-02-10', 2000, 2.0);
INSERT INTO diary_meals (id, day_id, section, name, grams, calories, protein, carbs, fat) VALUES (81, 21, 'breakfast', 'Pão Integral', 200, 400, 20, 40, 10);
INSERT INTO diary_meals (id, day_id, section, name, grams, calories, protein, carbs, fat) VALUES (82, 21, 'lunch', 'Frango com Arroz', 200, 400, 20, 40, 10);
INSERT INTO diary_meals (id, day_id, section, name, grams, calories, protein, carbs, fat) VALUES (83, 21, 'snack', 'Fruta', 200, 400, 20, 40, 10);
INSERT INTO diary_meals (id, day_id, section, name, grams, calories, protein, carbs, fat) VALUES (84, 21, 'dinner', 'Sopa', 200, 400, 20, 40, 10);
INSERT INTO diary_days (id, user_id, date_key, goal, water_liters) VALUES (22, 2, '2026-02-09', 2000, 2.0);
INSERT INTO diary_meals (id, day_id, section, name, grams, calories, protein, carbs, fat) VALUES (85, 22, 'breakfast', 'Iogurte', 200, 400, 20, 40, 10);
INSERT INTO diary_meals (id, day_id, section, name, grams, calories, protein, carbs, fat) VALUES (86, 22, 'lunch', 'Frango com Arroz', 200, 400, 20, 40, 10);
INSERT INTO diary_meals (id, day_id, section, name, grams, calories, protein, carbs, fat) VALUES (87, 22, 'snack', 'Fruta', 200, 400, 20, 40, 10);
INSERT INTO diary_meals (id, day_id, section, name, grams, calories, protein, carbs, fat) VALUES (88, 22, 'dinner', 'Sopa', 200, 400, 20, 40, 10);
INSERT INTO diary_days (id, user_id, date_key, goal, water_liters) VALUES (23, 2, '2026-02-08', 2000, 2.0);
INSERT INTO diary_meals (id, day_id, section, name, grams, calories, protein, carbs, fat) VALUES (89, 23, 'breakfast', 'Pão Integral', 200, 400, 20, 40, 10);
INSERT INTO diary_meals (id, day_id, section, name, grams, calories, protein, carbs, fat) VALUES (90, 23, 'lunch', 'Frango com Arroz', 200, 400, 20, 40, 10);
INSERT INTO diary_meals (id, day_id, section, name, grams, calories, protein, carbs, fat) VALUES (91, 23, 'snack', 'Fruta', 200, 400, 20, 40, 10);
INSERT INTO diary_meals (id, day_id, section, name, grams, calories, protein, carbs, fat) VALUES (92, 23, 'dinner', 'Sopa', 200, 400, 20, 40, 10);
INSERT INTO diary_days (id, user_id, date_key, goal, water_liters) VALUES (24, 2, '2026-02-07', 2000, 2.0);
INSERT INTO diary_meals (id, day_id, section, name, grams, calories, protein, carbs, fat) VALUES (93, 24, 'breakfast', 'Iogurte', 200, 400, 20, 40, 10);
INSERT INTO diary_meals (id, day_id, section, name, grams, calories, protein, carbs, fat) VALUES (94, 24, 'lunch', 'Frango com Arroz', 200, 400, 20, 40, 10);
INSERT INTO diary_meals (id, day_id, section, name, grams, calories, protein, carbs, fat) VALUES (95, 24, 'snack', 'Fruta', 200, 400, 20, 40, 10);
INSERT INTO diary_meals (id, day_id, section, name, grams, calories, protein, carbs, fat) VALUES (96, 24, 'dinner', 'Sopa', 200, 400, 20, 40, 10);
INSERT INTO diary_days (id, user_id, date_key, goal, water_liters) VALUES (25, 2, '2026-02-06', 2000, 2.0);
INSERT INTO diary_meals (id, day_id, section, name, grams, calories, protein, carbs, fat) VALUES (97, 25, 'breakfast', 'Pão Integral', 200, 400, 20, 40, 10);
INSERT INTO diary_meals (id, day_id, section, name, grams, calories, protein, carbs, fat) VALUES (98, 25, 'lunch', 'Frango com Arroz', 200, 400, 20, 40, 10);
INSERT INTO diary_meals (id, day_id, section, name, grams, calories, protein, carbs, fat) VALUES (99, 25, 'snack', 'Fruta', 200, 400, 20, 40, 10);
INSERT INTO diary_meals (id, day_id, section, name, grams, calories, protein, carbs, fat) VALUES (100, 25, 'dinner', 'Sopa', 200, 400, 20, 40, 10);
INSERT INTO diary_days (id, user_id, date_key, goal, water_liters) VALUES (26, 2, '2026-02-05', 2000, 2.0);
INSERT INTO diary_meals (id, day_id, section, name, grams, calories, protein, carbs, fat) VALUES (101, 26, 'breakfast', 'Pão Integral', 200, 400, 20, 40, 10);
INSERT INTO diary_meals (id, day_id, section, name, grams, calories, protein, carbs, fat) VALUES (102, 26, 'lunch', 'Frango com Arroz', 200, 400, 20, 40, 10);
INSERT INTO diary_meals (id, day_id, section, name, grams, calories, protein, carbs, fat) VALUES (103, 26, 'snack', 'Fruta', 200, 400, 20, 40, 10);
INSERT INTO diary_meals (id, day_id, section, name, grams, calories, protein, carbs, fat) VALUES (104, 26, 'dinner', 'Sopa', 200, 400, 20, 40, 10);
INSERT INTO diary_days (id, user_id, date_key, goal, water_liters) VALUES (27, 2, '2026-02-04', 2000, 2.0);
INSERT INTO diary_meals (id, day_id, section, name, grams, calories, protein, carbs, fat) VALUES (105, 27, 'breakfast', 'Pão Integral', 200, 400, 20, 40, 10);
INSERT INTO diary_meals (id, day_id, section, name, grams, calories, protein, carbs, fat) VALUES (106, 27, 'lunch', 'Frango com Arroz', 200, 400, 20, 40, 10);
INSERT INTO diary_meals (id, day_id, section, name, grams, calories, protein, carbs, fat) VALUES (107, 27, 'snack', 'Fruta', 200, 400, 20, 40, 10);
INSERT INTO diary_meals (id, day_id, section, name, grams, calories, protein, carbs, fat) VALUES (108, 27, 'dinner', 'Sopa', 200, 400, 20, 40, 10);
INSERT INTO diary_days (id, user_id, date_key, goal, water_liters) VALUES (28, 2, '2026-02-03', 2000, 2.0);
INSERT INTO diary_meals (id, day_id, section, name, grams, calories, protein, carbs, fat) VALUES (109, 28, 'breakfast', 'Iogurte', 200, 400, 20, 40, 10);
INSERT INTO diary_meals (id, day_id, section, name, grams, calories, protein, carbs, fat) VALUES (110, 28, 'lunch', 'Frango com Arroz', 200, 400, 20, 40, 10);
INSERT INTO diary_meals (id, day_id, section, name, grams, calories, protein, carbs, fat) VALUES (111, 28, 'snack', 'Fruta', 200, 400, 20, 40, 10);
INSERT INTO diary_meals (id, day_id, section, name, grams, calories, protein, carbs, fat) VALUES (112, 28, 'dinner', 'Sopa', 200, 400, 20, 40, 10);
INSERT INTO diary_days (id, user_id, date_key, goal, water_liters) VALUES (29, 2, '2026-02-02', 2000, 2.0);
INSERT INTO diary_meals (id, day_id, section, name, grams, calories, protein, carbs, fat) VALUES (113, 29, 'breakfast', 'Pão Integral', 200, 400, 20, 40, 10);
INSERT INTO diary_meals (id, day_id, section, name, grams, calories, protein, carbs, fat) VALUES (114, 29, 'lunch', 'Frango com Arroz', 200, 400, 20, 40, 10);
INSERT INTO diary_meals (id, day_id, section, name, grams, calories, protein, carbs, fat) VALUES (115, 29, 'snack', 'Fruta', 200, 400, 20, 40, 10);
INSERT INTO diary_meals (id, day_id, section, name, grams, calories, protein, carbs, fat) VALUES (116, 29, 'dinner', 'Sopa', 200, 400, 20, 40, 10);
INSERT INTO diary_days (id, user_id, date_key, goal, water_liters) VALUES (30, 2, '2026-02-01', 2000, 2.0);
INSERT INTO diary_meals (id, day_id, section, name, grams, calories, protein, carbs, fat) VALUES (117, 30, 'breakfast', 'Iogurte', 200, 400, 20, 40, 10);
INSERT INTO diary_meals (id, day_id, section, name, grams, calories, protein, carbs, fat) VALUES (118, 30, 'lunch', 'Frango com Arroz', 200, 400, 20, 40, 10);
INSERT INTO diary_meals (id, day_id, section, name, grams, calories, protein, carbs, fat) VALUES (119, 30, 'snack', 'Fruta', 200, 400, 20, 40, 10);
INSERT INTO diary_meals (id, day_id, section, name, grams, calories, protein, carbs, fat) VALUES (120, 30, 'dinner', 'Sopa', 200, 400, 20, 40, 10);
INSERT INTO diary_days (id, user_id, date_key, goal, water_liters) VALUES (31, 3, '2026-02-15', 2000, 2.0);
INSERT INTO diary_meals (id, day_id, section, name, grams, calories, protein, carbs, fat) VALUES (121, 31, 'breakfast', 'Iogurte', 200, 400, 20, 40, 10);
INSERT INTO diary_meals (id, day_id, section, name, grams, calories, protein, carbs, fat) VALUES (122, 31, 'lunch', 'Frango com Arroz', 200, 400, 20, 40, 10);
INSERT INTO diary_meals (id, day_id, section, name, grams, calories, protein, carbs, fat) VALUES (123, 31, 'snack', 'Fruta', 200, 400, 20, 40, 10);
INSERT INTO diary_meals (id, day_id, section, name, grams, calories, protein, carbs, fat) VALUES (124, 31, 'dinner', 'Sopa', 200, 400, 20, 40, 10);
INSERT INTO diary_days (id, user_id, date_key, goal, water_liters) VALUES (32, 3, '2026-02-14', 2000, 2.0);
INSERT INTO diary_meals (id, day_id, section, name, grams, calories, protein, carbs, fat) VALUES (125, 32, 'breakfast', 'Pão Integral', 200, 400, 20, 40, 10);
INSERT INTO diary_meals (id, day_id, section, name, grams, calories, protein, carbs, fat) VALUES (126, 32, 'lunch', 'Frango com Arroz', 200, 400, 20, 40, 10);
INSERT INTO diary_meals (id, day_id, section, name, grams, calories, protein, carbs, fat) VALUES (127, 32, 'snack', 'Fruta', 200, 400, 20, 40, 10);
INSERT INTO diary_meals (id, day_id, section, name, grams, calories, protein, carbs, fat) VALUES (128, 32, 'dinner', 'Sopa', 200, 400, 20, 40, 10);
INSERT INTO diary_days (id, user_id, date_key, goal, water_liters) VALUES (33, 3, '2026-02-13', 2000, 2.0);
INSERT INTO diary_meals (id, day_id, section, name, grams, calories, protein, carbs, fat) VALUES (129, 33, 'breakfast', 'Iogurte', 200, 400, 20, 40, 10);
INSERT INTO diary_meals (id, day_id, section, name, grams, calories, protein, carbs, fat) VALUES (130, 33, 'lunch', 'Frango com Arroz', 200, 400, 20, 40, 10);
INSERT INTO diary_meals (id, day_id, section, name, grams, calories, protein, carbs, fat) VALUES (131, 33, 'snack', 'Fruta', 200, 400, 20, 40, 10);
INSERT INTO diary_meals (id, day_id, section, name, grams, calories, protein, carbs, fat) VALUES (132, 33, 'dinner', 'Sopa', 200, 400, 20, 40, 10);
INSERT INTO diary_days (id, user_id, date_key, goal, water_liters) VALUES (34, 3, '2026-02-12', 2000, 2.0);
INSERT INTO diary_meals (id, day_id, section, name, grams, calories, protein, carbs, fat) VALUES (133, 34, 'breakfast', 'Pão Integral', 200, 400, 20, 40, 10);
INSERT INTO diary_meals (id, day_id, section, name, grams, calories, protein, carbs, fat) VALUES (134, 34, 'lunch', 'Frango com Arroz', 200, 400, 20, 40, 10);
INSERT INTO diary_meals (id, day_id, section, name, grams, calories, protein, carbs, fat) VALUES (135, 34, 'snack', 'Fruta', 200, 400, 20, 40, 10);
INSERT INTO diary_meals (id, day_id, section, name, grams, calories, protein, carbs, fat) VALUES (136, 34, 'dinner', 'Sopa', 200, 400, 20, 40, 10);
INSERT INTO diary_days (id, user_id, date_key, goal, water_liters) VALUES (35, 3, '2026-02-11', 2000, 2.0);
INSERT INTO diary_meals (id, day_id, section, name, grams, calories, protein, carbs, fat) VALUES (137, 35, 'breakfast', 'Pão Integral', 200, 400, 20, 40, 10);
INSERT INTO diary_meals (id, day_id, section, name, grams, calories, protein, carbs, fat) VALUES (138, 35, 'lunch', 'Frango com Arroz', 200, 400, 20, 40, 10);
INSERT INTO diary_meals (id, day_id, section, name, grams, calories, protein, carbs, fat) VALUES (139, 35, 'snack', 'Fruta', 200, 400, 20, 40, 10);
INSERT INTO diary_meals (id, day_id, section, name, grams, calories, protein, carbs, fat) VALUES (140, 35, 'dinner', 'Sopa', 200, 400, 20, 40, 10);
INSERT INTO diary_days (id, user_id, date_key, goal, water_liters) VALUES (36, 3, '2026-02-10', 2000, 2.0);
INSERT INTO diary_meals (id, day_id, section, name, grams, calories, protein, carbs, fat) VALUES (141, 36, 'breakfast', 'Iogurte', 200, 400, 20, 40, 10);
INSERT INTO diary_meals (id, day_id, section, name, grams, calories, protein, carbs, fat) VALUES (142, 36, 'lunch', 'Frango com Arroz', 200, 400, 20, 40, 10);
INSERT INTO diary_meals (id, day_id, section, name, grams, calories, protein, carbs, fat) VALUES (143, 36, 'snack', 'Fruta', 200, 400, 20, 40, 10);
INSERT INTO diary_meals (id, day_id, section, name, grams, calories, protein, carbs, fat) VALUES (144, 36, 'dinner', 'Sopa', 200, 400, 20, 40, 10);
INSERT INTO diary_days (id, user_id, date_key, goal, water_liters) VALUES (37, 3, '2026-02-09', 2000, 2.0);
INSERT INTO diary_meals (id, day_id, section, name, grams, calories, protein, carbs, fat) VALUES (145, 37, 'breakfast', 'Iogurte', 200, 400, 20, 40, 10);
INSERT INTO diary_meals (id, day_id, section, name, grams, calories, protein, carbs, fat) VALUES (146, 37, 'lunch', 'Frango com Arroz', 200, 400, 20, 40, 10);
INSERT INTO diary_meals (id, day_id, section, name, grams, calories, protein, carbs, fat) VALUES (147, 37, 'snack', 'Fruta', 200, 400, 20, 40, 10);
INSERT INTO diary_meals (id, day_id, section, name, grams, calories, protein, carbs, fat) VALUES (148, 37, 'dinner', 'Sopa', 200, 400, 20, 40, 10);
INSERT INTO diary_days (id, user_id, date_key, goal, water_liters) VALUES (38, 3, '2026-02-08', 2000, 2.0);
INSERT INTO diary_meals (id, day_id, section, name, grams, calories, protein, carbs, fat) VALUES (149, 38, 'breakfast', 'Iogurte', 200, 400, 20, 40, 10);
INSERT INTO diary_meals (id, day_id, section, name, grams, calories, protein, carbs, fat) VALUES (150, 38, 'lunch', 'Frango com Arroz', 200, 400, 20, 40, 10);
INSERT INTO diary_meals (id, day_id, section, name, grams, calories, protein, carbs, fat) VALUES (151, 38, 'snack', 'Fruta', 200, 400, 20, 40, 10);
INSERT INTO diary_meals (id, day_id, section, name, grams, calories, protein, carbs, fat) VALUES (152, 38, 'dinner', 'Sopa', 200, 400, 20, 40, 10);
INSERT INTO diary_days (id, user_id, date_key, goal, water_liters) VALUES (39, 3, '2026-02-07', 2000, 2.0);
INSERT INTO diary_meals (id, day_id, section, name, grams, calories, protein, carbs, fat) VALUES (153, 39, 'breakfast', 'Pão Integral', 200, 400, 20, 40, 10);
INSERT INTO diary_meals (id, day_id, section, name, grams, calories, protein, carbs, fat) VALUES (154, 39, 'lunch', 'Frango com Arroz', 200, 400, 20, 40, 10);
INSERT INTO diary_meals (id, day_id, section, name, grams, calories, protein, carbs, fat) VALUES (155, 39, 'snack', 'Fruta', 200, 400, 20, 40, 10);
INSERT INTO diary_meals (id, day_id, section, name, grams, calories, protein, carbs, fat) VALUES (156, 39, 'dinner', 'Sopa', 200, 400, 20, 40, 10);
INSERT INTO diary_days (id, user_id, date_key, goal, water_liters) VALUES (40, 3, '2026-02-06', 2000, 2.0);
INSERT INTO diary_meals (id, day_id, section, name, grams, calories, protein, carbs, fat) VALUES (157, 40, 'breakfast', 'Iogurte', 200, 400, 20, 40, 10);
INSERT INTO diary_meals (id, day_id, section, name, grams, calories, protein, carbs, fat) VALUES (158, 40, 'lunch', 'Frango com Arroz', 200, 400, 20, 40, 10);
INSERT INTO diary_meals (id, day_id, section, name, grams, calories, protein, carbs, fat) VALUES (159, 40, 'snack', 'Fruta', 200, 400, 20, 40, 10);
INSERT INTO diary_meals (id, day_id, section, name, grams, calories, protein, carbs, fat) VALUES (160, 40, 'dinner', 'Sopa', 200, 400, 20, 40, 10);
INSERT INTO diary_days (id, user_id, date_key, goal, water_liters) VALUES (41, 3, '2026-02-05', 2000, 2.0);
INSERT INTO diary_meals (id, day_id, section, name, grams, calories, protein, carbs, fat) VALUES (161, 41, 'breakfast', 'Pão Integral', 200, 400, 20, 40, 10);
INSERT INTO diary_meals (id, day_id, section, name, grams, calories, protein, carbs, fat) VALUES (162, 41, 'lunch', 'Frango com Arroz', 200, 400, 20, 40, 10);
INSERT INTO diary_meals (id, day_id, section, name, grams, calories, protein, carbs, fat) VALUES (163, 41, 'snack', 'Fruta', 200, 400, 20, 40, 10);
INSERT INTO diary_meals (id, day_id, section, name, grams, calories, protein, carbs, fat) VALUES (164, 41, 'dinner', 'Sopa', 200, 400, 20, 40, 10);
INSERT INTO diary_days (id, user_id, date_key, goal, water_liters) VALUES (42, 3, '2026-02-04', 2000, 2.0);
INSERT INTO diary_meals (id, day_id, section, name, grams, calories, protein, carbs, fat) VALUES (165, 42, 'breakfast', 'Pão Integral', 200, 400, 20, 40, 10);
INSERT INTO diary_meals (id, day_id, section, name, grams, calories, protein, carbs, fat) VALUES (166, 42, 'lunch', 'Frango com Arroz', 200, 400, 20, 40, 10);
INSERT INTO diary_meals (id, day_id, section, name, grams, calories, protein, carbs, fat) VALUES (167, 42, 'snack', 'Fruta', 200, 400, 20, 40, 10);
INSERT INTO diary_meals (id, day_id, section, name, grams, calories, protein, carbs, fat) VALUES (168, 42, 'dinner', 'Sopa', 200, 400, 20, 40, 10);
INSERT INTO diary_days (id, user_id, date_key, goal, water_liters) VALUES (43, 3, '2026-02-03', 2000, 2.0);
INSERT INTO diary_meals (id, day_id, section, name, grams, calories, protein, carbs, fat) VALUES (169, 43, 'breakfast', 'Pão Integral', 200, 400, 20, 40, 10);
INSERT INTO diary_meals (id, day_id, section, name, grams, calories, protein, carbs, fat) VALUES (170, 43, 'lunch', 'Frango com Arroz', 200, 400, 20, 40, 10);
INSERT INTO diary_meals (id, day_id, section, name, grams, calories, protein, carbs, fat) VALUES (171, 43, 'snack', 'Fruta', 200, 400, 20, 40, 10);
INSERT INTO diary_meals (id, day_id, section, name, grams, calories, protein, carbs, fat) VALUES (172, 43, 'dinner', 'Sopa', 200, 400, 20, 40, 10);
INSERT INTO diary_days (id, user_id, date_key, goal, water_liters) VALUES (44, 3, '2026-02-02', 2000, 2.0);
INSERT INTO diary_meals (id, day_id, section, name, grams, calories, protein, carbs, fat) VALUES (173, 44, 'breakfast', 'Pão Integral', 200, 400, 20, 40, 10);
INSERT INTO diary_meals (id, day_id, section, name, grams, calories, protein, carbs, fat) VALUES (174, 44, 'lunch', 'Frango com Arroz', 200, 400, 20, 40, 10);
INSERT INTO diary_meals (id, day_id, section, name, grams, calories, protein, carbs, fat) VALUES (175, 44, 'snack', 'Fruta', 200, 400, 20, 40, 10);
INSERT INTO diary_meals (id, day_id, section, name, grams, calories, protein, carbs, fat) VALUES (176, 44, 'dinner', 'Sopa', 200, 400, 20, 40, 10);
INSERT INTO diary_days (id, user_id, date_key, goal, water_liters) VALUES (45, 3, '2026-02-01', 2000, 2.0);
INSERT INTO diary_meals (id, day_id, section, name, grams, calories, protein, carbs, fat) VALUES (177, 45, 'breakfast', 'Iogurte', 200, 400, 20, 40, 10);
INSERT INTO diary_meals (id, day_id, section, name, grams, calories, protein, carbs, fat) VALUES (178, 45, 'lunch', 'Frango com Arroz', 200, 400, 20, 40, 10);
INSERT INTO diary_meals (id, day_id, section, name, grams, calories, protein, carbs, fat) VALUES (179, 45, 'snack', 'Fruta', 200, 400, 20, 40, 10);
INSERT INTO diary_meals (id, day_id, section, name, grams, calories, protein, carbs, fat) VALUES (180, 45, 'dinner', 'Sopa', 200, 400, 20, 40, 10);
INSERT INTO diary_days (id, user_id, date_key, goal, water_liters) VALUES (46, 4, '2026-02-15', 2000, 2.0);
INSERT INTO diary_meals (id, day_id, section, name, grams, calories, protein, carbs, fat) VALUES (181, 46, 'breakfast', 'Pão Integral', 200, 400, 20, 40, 10);
INSERT INTO diary_meals (id, day_id, section, name, grams, calories, protein, carbs, fat) VALUES (182, 46, 'lunch', 'Frango com Arroz', 200, 400, 20, 40, 10);
INSERT INTO diary_meals (id, day_id, section, name, grams, calories, protein, carbs, fat) VALUES (183, 46, 'snack', 'Fruta', 200, 400, 20, 40, 10);
INSERT INTO diary_meals (id, day_id, section, name, grams, calories, protein, carbs, fat) VALUES (184, 46, 'dinner', 'Sopa', 200, 400, 20, 40, 10);
INSERT INTO diary_days (id, user_id, date_key, goal, water_liters) VALUES (47, 4, '2026-02-14', 2000, 2.0);
INSERT INTO diary_meals (id, day_id, section, name, grams, calories, protein, carbs, fat) VALUES (185, 47, 'breakfast', 'Pão Integral', 200, 400, 20, 40, 10);
INSERT INTO diary_meals (id, day_id, section, name, grams, calories, protein, carbs, fat) VALUES (186, 47, 'lunch', 'Frango com Arroz', 200, 400, 20, 40, 10);
INSERT INTO diary_meals (id, day_id, section, name, grams, calories, protein, carbs, fat) VALUES (187, 47, 'snack', 'Fruta', 200, 400, 20, 40, 10);
INSERT INTO diary_meals (id, day_id, section, name, grams, calories, protein, carbs, fat) VALUES (188, 47, 'dinner', 'Sopa', 200, 400, 20, 40, 10);
INSERT INTO diary_days (id, user_id, date_key, goal, water_liters) VALUES (48, 4, '2026-02-13', 2000, 2.0);
INSERT INTO diary_meals (id, day_id, section, name, grams, calories, protein, carbs, fat) VALUES (189, 48, 'breakfast', 'Pão Integral', 200, 400, 20, 40, 10);
INSERT INTO diary_meals (id, day_id, section, name, grams, calories, protein, carbs, fat) VALUES (190, 48, 'lunch', 'Frango com Arroz', 200, 400, 20, 40, 10);
INSERT INTO diary_meals (id, day_id, section, name, grams, calories, protein, carbs, fat) VALUES (191, 48, 'snack', 'Fruta', 200, 400, 20, 40, 10);
INSERT INTO diary_meals (id, day_id, section, name, grams, calories, protein, carbs, fat) VALUES (192, 48, 'dinner', 'Sopa', 200, 400, 20, 40, 10);
INSERT INTO diary_days (id, user_id, date_key, goal, water_liters) VALUES (49, 4, '2026-02-12', 2000, 2.0);
INSERT INTO diary_meals (id, day_id, section, name, grams, calories, protein, carbs, fat) VALUES (193, 49, 'breakfast', 'Iogurte', 200, 400, 20, 40, 10);
INSERT INTO diary_meals (id, day_id, section, name, grams, calories, protein, carbs, fat) VALUES (194, 49, 'lunch', 'Frango com Arroz', 200, 400, 20, 40, 10);
INSERT INTO diary_meals (id, day_id, section, name, grams, calories, protein, carbs, fat) VALUES (195, 49, 'snack', 'Fruta', 200, 400, 20, 40, 10);
INSERT INTO diary_meals (id, day_id, section, name, grams, calories, protein, carbs, fat) VALUES (196, 49, 'dinner', 'Sopa', 200, 400, 20, 40, 10);
INSERT INTO diary_days (id, user_id, date_key, goal, water_liters) VALUES (50, 4, '2026-02-11', 2000, 2.0);
INSERT INTO diary_meals (id, day_id, section, name, grams, calories, protein, carbs, fat) VALUES (197, 50, 'breakfast', 'Iogurte', 200, 400, 20, 40, 10);
INSERT INTO diary_meals (id, day_id, section, name, grams, calories, protein, carbs, fat) VALUES (198, 50, 'lunch', 'Frango com Arroz', 200, 400, 20, 40, 10);
INSERT INTO diary_meals (id, day_id, section, name, grams, calories, protein, carbs, fat) VALUES (199, 50, 'snack', 'Fruta', 200, 400, 20, 40, 10);
INSERT INTO diary_meals (id, day_id, section, name, grams, calories, protein, carbs, fat) VALUES (200, 50, 'dinner', 'Sopa', 200, 400, 20, 40, 10);
INSERT INTO diary_days (id, user_id, date_key, goal, water_liters) VALUES (51, 4, '2026-02-10', 2000, 2.0);
INSERT INTO diary_meals (id, day_id, section, name, grams, calories, protein, carbs, fat) VALUES (201, 51, 'breakfast', 'Pão Integral', 200, 400, 20, 40, 10);
INSERT INTO diary_meals (id, day_id, section, name, grams, calories, protein, carbs, fat) VALUES (202, 51, 'lunch', 'Frango com Arroz', 200, 400, 20, 40, 10);
INSERT INTO diary_meals (id, day_id, section, name, grams, calories, protein, carbs, fat) VALUES (203, 51, 'snack', 'Fruta', 200, 400, 20, 40, 10);
INSERT INTO diary_meals (id, day_id, section, name, grams, calories, protein, carbs, fat) VALUES (204, 51, 'dinner', 'Sopa', 200, 400, 20, 40, 10);
INSERT INTO diary_days (id, user_id, date_key, goal, water_liters) VALUES (52, 4, '2026-02-09', 2000, 2.0);
INSERT INTO diary_meals (id, day_id, section, name, grams, calories, protein, carbs, fat) VALUES (205, 52, 'breakfast', 'Pão Integral', 200, 400, 20, 40, 10);
INSERT INTO diary_meals (id, day_id, section, name, grams, calories, protein, carbs, fat) VALUES (206, 52, 'lunch', 'Frango com Arroz', 200, 400, 20, 40, 10);
INSERT INTO diary_meals (id, day_id, section, name, grams, calories, protein, carbs, fat) VALUES (207, 52, 'snack', 'Fruta', 200, 400, 20, 40, 10);
INSERT INTO diary_meals (id, day_id, section, name, grams, calories, protein, carbs, fat) VALUES (208, 52, 'dinner', 'Sopa', 200, 400, 20, 40, 10);
INSERT INTO diary_days (id, user_id, date_key, goal, water_liters) VALUES (53, 4, '2026-02-08', 2000, 2.0);
INSERT INTO diary_meals (id, day_id, section, name, grams, calories, protein, carbs, fat) VALUES (209, 53, 'breakfast', 'Iogurte', 200, 400, 20, 40, 10);
INSERT INTO diary_meals (id, day_id, section, name, grams, calories, protein, carbs, fat) VALUES (210, 53, 'lunch', 'Frango com Arroz', 200, 400, 20, 40, 10);
INSERT INTO diary_meals (id, day_id, section, name, grams, calories, protein, carbs, fat) VALUES (211, 53, 'snack', 'Fruta', 200, 400, 20, 40, 10);
INSERT INTO diary_meals (id, day_id, section, name, grams, calories, protein, carbs, fat) VALUES (212, 53, 'dinner', 'Sopa', 200, 400, 20, 40, 10);
INSERT INTO diary_days (id, user_id, date_key, goal, water_liters) VALUES (54, 4, '2026-02-07', 2000, 2.0);
INSERT INTO diary_meals (id, day_id, section, name, grams, calories, protein, carbs, fat) VALUES (213, 54, 'breakfast', 'Pão Integral', 200, 400, 20, 40, 10);
INSERT INTO diary_meals (id, day_id, section, name, grams, calories, protein, carbs, fat) VALUES (214, 54, 'lunch', 'Frango com Arroz', 200, 400, 20, 40, 10);
INSERT INTO diary_meals (id, day_id, section, name, grams, calories, protein, carbs, fat) VALUES (215, 54, 'snack', 'Fruta', 200, 400, 20, 40, 10);
INSERT INTO diary_meals (id, day_id, section, name, grams, calories, protein, carbs, fat) VALUES (216, 54, 'dinner', 'Sopa', 200, 400, 20, 40, 10);
INSERT INTO diary_days (id, user_id, date_key, goal, water_liters) VALUES (55, 4, '2026-02-06', 2000, 2.0);
INSERT INTO diary_meals (id, day_id, section, name, grams, calories, protein, carbs, fat) VALUES (217, 55, 'breakfast', 'Iogurte', 200, 400, 20, 40, 10);
INSERT INTO diary_meals (id, day_id, section, name, grams, calories, protein, carbs, fat) VALUES (218, 55, 'lunch', 'Frango com Arroz', 200, 400, 20, 40, 10);
INSERT INTO diary_meals (id, day_id, section, name, grams, calories, protein, carbs, fat) VALUES (219, 55, 'snack', 'Fruta', 200, 400, 20, 40, 10);
INSERT INTO diary_meals (id, day_id, section, name, grams, calories, protein, carbs, fat) VALUES (220, 55, 'dinner', 'Sopa', 200, 400, 20, 40, 10);
INSERT INTO diary_days (id, user_id, date_key, goal, water_liters) VALUES (56, 4, '2026-02-05', 2000, 2.0);
INSERT INTO diary_meals (id, day_id, section, name, grams, calories, protein, carbs, fat) VALUES (221, 56, 'breakfast', 'Iogurte', 200, 400, 20, 40, 10);
INSERT INTO diary_meals (id, day_id, section, name, grams, calories, protein, carbs, fat) VALUES (222, 56, 'lunch', 'Frango com Arroz', 200, 400, 20, 40, 10);
INSERT INTO diary_meals (id, day_id, section, name, grams, calories, protein, carbs, fat) VALUES (223, 56, 'snack', 'Fruta', 200, 400, 20, 40, 10);
INSERT INTO diary_meals (id, day_id, section, name, grams, calories, protein, carbs, fat) VALUES (224, 56, 'dinner', 'Sopa', 200, 400, 20, 40, 10);
INSERT INTO diary_days (id, user_id, date_key, goal, water_liters) VALUES (57, 4, '2026-02-04', 2000, 2.0);
INSERT INTO diary_meals (id, day_id, section, name, grams, calories, protein, carbs, fat) VALUES (225, 57, 'breakfast', 'Iogurte', 200, 400, 20, 40, 10);
INSERT INTO diary_meals (id, day_id, section, name, grams, calories, protein, carbs, fat) VALUES (226, 57, 'lunch', 'Frango com Arroz', 200, 400, 20, 40, 10);
INSERT INTO diary_meals (id, day_id, section, name, grams, calories, protein, carbs, fat) VALUES (227, 57, 'snack', 'Fruta', 200, 400, 20, 40, 10);
INSERT INTO diary_meals (id, day_id, section, name, grams, calories, protein, carbs, fat) VALUES (228, 57, 'dinner', 'Sopa', 200, 400, 20, 40, 10);
INSERT INTO diary_days (id, user_id, date_key, goal, water_liters) VALUES (58, 4, '2026-02-03', 2000, 2.0);
INSERT INTO diary_meals (id, day_id, section, name, grams, calories, protein, carbs, fat) VALUES (229, 58, 'breakfast', 'Pão Integral', 200, 400, 20, 40, 10);
INSERT INTO diary_meals (id, day_id, section, name, grams, calories, protein, carbs, fat) VALUES (230, 58, 'lunch', 'Frango com Arroz', 200, 400, 20, 40, 10);
INSERT INTO diary_meals (id, day_id, section, name, grams, calories, protein, carbs, fat) VALUES (231, 58, 'snack', 'Fruta', 200, 400, 20, 40, 10);
INSERT INTO diary_meals (id, day_id, section, name, grams, calories, protein, carbs, fat) VALUES (232, 58, 'dinner', 'Sopa', 200, 400, 20, 40, 10);
INSERT INTO diary_days (id, user_id, date_key, goal, water_liters) VALUES (59, 4, '2026-02-02', 2000, 2.0);
INSERT INTO diary_meals (id, day_id, section, name, grams, calories, protein, carbs, fat) VALUES (233, 59, 'breakfast', 'Iogurte', 200, 400, 20, 40, 10);
INSERT INTO diary_meals (id, day_id, section, name, grams, calories, protein, carbs, fat) VALUES (234, 59, 'lunch', 'Frango com Arroz', 200, 400, 20, 40, 10);
INSERT INTO diary_meals (id, day_id, section, name, grams, calories, protein, carbs, fat) VALUES (235, 59, 'snack', 'Fruta', 200, 400, 20, 40, 10);
INSERT INTO diary_meals (id, day_id, section, name, grams, calories, protein, carbs, fat) VALUES (236, 59, 'dinner', 'Sopa', 200, 400, 20, 40, 10);
INSERT INTO diary_days (id, user_id, date_key, goal, water_liters) VALUES (60, 4, '2026-02-01', 2000, 2.0);
INSERT INTO diary_meals (id, day_id, section, name, grams, calories, protein, carbs, fat) VALUES (237, 60, 'breakfast', 'Iogurte', 200, 400, 20, 40, 10);
INSERT INTO diary_meals (id, day_id, section, name, grams, calories, protein, carbs, fat) VALUES (238, 60, 'lunch', 'Frango com Arroz', 200, 400, 20, 40, 10);
INSERT INTO diary_meals (id, day_id, section, name, grams, calories, protein, carbs, fat) VALUES (239, 60, 'snack', 'Fruta', 200, 400, 20, 40, 10);
INSERT INTO diary_meals (id, day_id, section, name, grams, calories, protein, carbs, fat) VALUES (240, 60, 'dinner', 'Sopa', 200, 400, 20, 40, 10);
INSERT INTO diary_days (id, user_id, date_key, goal, water_liters) VALUES (61, 5, '2026-02-15', 2000, 2.0);
INSERT INTO diary_meals (id, day_id, section, name, grams, calories, protein, carbs, fat) VALUES (241, 61, 'breakfast', 'Iogurte', 200, 400, 20, 40, 10);
INSERT INTO diary_meals (id, day_id, section, name, grams, calories, protein, carbs, fat) VALUES (242, 61, 'lunch', 'Frango com Arroz', 200, 400, 20, 40, 10);
INSERT INTO diary_meals (id, day_id, section, name, grams, calories, protein, carbs, fat) VALUES (243, 61, 'snack', 'Fruta', 200, 400, 20, 40, 10);
INSERT INTO diary_meals (id, day_id, section, name, grams, calories, protein, carbs, fat) VALUES (244, 61, 'dinner', 'Sopa', 200, 400, 20, 40, 10);
INSERT INTO diary_days (id, user_id, date_key, goal, water_liters) VALUES (62, 5, '2026-02-14', 2000, 2.0);
INSERT INTO diary_meals (id, day_id, section, name, grams, calories, protein, carbs, fat) VALUES (245, 62, 'breakfast', 'Iogurte', 200, 400, 20, 40, 10);
INSERT INTO diary_meals (id, day_id, section, name, grams, calories, protein, carbs, fat) VALUES (246, 62, 'lunch', 'Frango com Arroz', 200, 400, 20, 40, 10);
INSERT INTO diary_meals (id, day_id, section, name, grams, calories, protein, carbs, fat) VALUES (247, 62, 'snack', 'Fruta', 200, 400, 20, 40, 10);
INSERT INTO diary_meals (id, day_id, section, name, grams, calories, protein, carbs, fat) VALUES (248, 62, 'dinner', 'Sopa', 200, 400, 20, 40, 10);
INSERT INTO diary_days (id, user_id, date_key, goal, water_liters) VALUES (63, 5, '2026-02-13', 2000, 2.0);
INSERT INTO diary_meals (id, day_id, section, name, grams, calories, protein, carbs, fat) VALUES (249, 63, 'breakfast', 'Iogurte', 200, 400, 20, 40, 10);
INSERT INTO diary_meals (id, day_id, section, name, grams, calories, protein, carbs, fat) VALUES (250, 63, 'lunch', 'Frango com Arroz', 200, 400, 20, 40, 10);
INSERT INTO diary_meals (id, day_id, section, name, grams, calories, protein, carbs, fat) VALUES (251, 63, 'snack', 'Fruta', 200, 400, 20, 40, 10);
INSERT INTO diary_meals (id, day_id, section, name, grams, calories, protein, carbs, fat) VALUES (252, 63, 'dinner', 'Sopa', 200, 400, 20, 40, 10);
INSERT INTO diary_days (id, user_id, date_key, goal, water_liters) VALUES (64, 5, '2026-02-12', 2000, 2.0);
INSERT INTO diary_meals (id, day_id, section, name, grams, calories, protein, carbs, fat) VALUES (253, 64, 'breakfast', 'Pão Integral', 200, 400, 20, 40, 10);
INSERT INTO diary_meals (id, day_id, section, name, grams, calories, protein, carbs, fat) VALUES (254, 64, 'lunch', 'Frango com Arroz', 200, 400, 20, 40, 10);
INSERT INTO diary_meals (id, day_id, section, name, grams, calories, protein, carbs, fat) VALUES (255, 64, 'snack', 'Fruta', 200, 400, 20, 40, 10);
INSERT INTO diary_meals (id, day_id, section, name, grams, calories, protein, carbs, fat) VALUES (256, 64, 'dinner', 'Sopa', 200, 400, 20, 40, 10);
INSERT INTO diary_days (id, user_id, date_key, goal, water_liters) VALUES (65, 5, '2026-02-11', 2000, 2.0);
INSERT INTO diary_meals (id, day_id, section, name, grams, calories, protein, carbs, fat) VALUES (257, 65, 'breakfast', 'Pão Integral', 200, 400, 20, 40, 10);
INSERT INTO diary_meals (id, day_id, section, name, grams, calories, protein, carbs, fat) VALUES (258, 65, 'lunch', 'Frango com Arroz', 200, 400, 20, 40, 10);
INSERT INTO diary_meals (id, day_id, section, name, grams, calories, protein, carbs, fat) VALUES (259, 65, 'snack', 'Fruta', 200, 400, 20, 40, 10);
INSERT INTO diary_meals (id, day_id, section, name, grams, calories, protein, carbs, fat) VALUES (260, 65, 'dinner', 'Sopa', 200, 400, 20, 40, 10);
INSERT INTO diary_days (id, user_id, date_key, goal, water_liters) VALUES (66, 5, '2026-02-10', 2000, 2.0);
INSERT INTO diary_meals (id, day_id, section, name, grams, calories, protein, carbs, fat) VALUES (261, 66, 'breakfast', 'Iogurte', 200, 400, 20, 40, 10);
INSERT INTO diary_meals (id, day_id, section, name, grams, calories, protein, carbs, fat) VALUES (262, 66, 'lunch', 'Frango com Arroz', 200, 400, 20, 40, 10);
INSERT INTO diary_meals (id, day_id, section, name, grams, calories, protein, carbs, fat) VALUES (263, 66, 'snack', 'Fruta', 200, 400, 20, 40, 10);
INSERT INTO diary_meals (id, day_id, section, name, grams, calories, protein, carbs, fat) VALUES (264, 66, 'dinner', 'Sopa', 200, 400, 20, 40, 10);
INSERT INTO diary_days (id, user_id, date_key, goal, water_liters) VALUES (67, 5, '2026-02-09', 2000, 2.0);
INSERT INTO diary_meals (id, day_id, section, name, grams, calories, protein, carbs, fat) VALUES (265, 67, 'breakfast', 'Iogurte', 200, 400, 20, 40, 10);
INSERT INTO diary_meals (id, day_id, section, name, grams, calories, protein, carbs, fat) VALUES (266, 67, 'lunch', 'Frango com Arroz', 200, 400, 20, 40, 10);
INSERT INTO diary_meals (id, day_id, section, name, grams, calories, protein, carbs, fat) VALUES (267, 67, 'snack', 'Fruta', 200, 400, 20, 40, 10);
INSERT INTO diary_meals (id, day_id, section, name, grams, calories, protein, carbs, fat) VALUES (268, 67, 'dinner', 'Sopa', 200, 400, 20, 40, 10);
INSERT INTO diary_days (id, user_id, date_key, goal, water_liters) VALUES (68, 5, '2026-02-08', 2000, 2.0);
INSERT INTO diary_meals (id, day_id, section, name, grams, calories, protein, carbs, fat) VALUES (269, 68, 'breakfast', 'Pão Integral', 200, 400, 20, 40, 10);
INSERT INTO diary_meals (id, day_id, section, name, grams, calories, protein, carbs, fat) VALUES (270, 68, 'lunch', 'Frango com Arroz', 200, 400, 20, 40, 10);
INSERT INTO diary_meals (id, day_id, section, name, grams, calories, protein, carbs, fat) VALUES (271, 68, 'snack', 'Fruta', 200, 400, 20, 40, 10);
INSERT INTO diary_meals (id, day_id, section, name, grams, calories, protein, carbs, fat) VALUES (272, 68, 'dinner', 'Sopa', 200, 400, 20, 40, 10);
INSERT INTO diary_days (id, user_id, date_key, goal, water_liters) VALUES (69, 5, '2026-02-07', 2000, 2.0);
INSERT INTO diary_meals (id, day_id, section, name, grams, calories, protein, carbs, fat) VALUES (273, 69, 'breakfast', 'Pão Integral', 200, 400, 20, 40, 10);
INSERT INTO diary_meals (id, day_id, section, name, grams, calories, protein, carbs, fat) VALUES (274, 69, 'lunch', 'Frango com Arroz', 200, 400, 20, 40, 10);
INSERT INTO diary_meals (id, day_id, section, name, grams, calories, protein, carbs, fat) VALUES (275, 69, 'snack', 'Fruta', 200, 400, 20, 40, 10);
INSERT INTO diary_meals (id, day_id, section, name, grams, calories, protein, carbs, fat) VALUES (276, 69, 'dinner', 'Sopa', 200, 400, 20, 40, 10);
INSERT INTO diary_days (id, user_id, date_key, goal, water_liters) VALUES (70, 5, '2026-02-06', 2000, 2.0);
INSERT INTO diary_meals (id, day_id, section, name, grams, calories, protein, carbs, fat) VALUES (277, 70, 'breakfast', 'Pão Integral', 200, 400, 20, 40, 10);
INSERT INTO diary_meals (id, day_id, section, name, grams, calories, protein, carbs, fat) VALUES (278, 70, 'lunch', 'Frango com Arroz', 200, 400, 20, 40, 10);
INSERT INTO diary_meals (id, day_id, section, name, grams, calories, protein, carbs, fat) VALUES (279, 70, 'snack', 'Fruta', 200, 400, 20, 40, 10);
INSERT INTO diary_meals (id, day_id, section, name, grams, calories, protein, carbs, fat) VALUES (280, 70, 'dinner', 'Sopa', 200, 400, 20, 40, 10);
INSERT INTO diary_days (id, user_id, date_key, goal, water_liters) VALUES (71, 5, '2026-02-05', 2000, 2.0);
INSERT INTO diary_meals (id, day_id, section, name, grams, calories, protein, carbs, fat) VALUES (281, 71, 'breakfast', 'Pão Integral', 200, 400, 20, 40, 10);
INSERT INTO diary_meals (id, day_id, section, name, grams, calories, protein, carbs, fat) VALUES (282, 71, 'lunch', 'Frango com Arroz', 200, 400, 20, 40, 10);
INSERT INTO diary_meals (id, day_id, section, name, grams, calories, protein, carbs, fat) VALUES (283, 71, 'snack', 'Fruta', 200, 400, 20, 40, 10);
INSERT INTO diary_meals (id, day_id, section, name, grams, calories, protein, carbs, fat) VALUES (284, 71, 'dinner', 'Sopa', 200, 400, 20, 40, 10);
INSERT INTO diary_days (id, user_id, date_key, goal, water_liters) VALUES (72, 5, '2026-02-04', 2000, 2.0);
INSERT INTO diary_meals (id, day_id, section, name, grams, calories, protein, carbs, fat) VALUES (285, 72, 'breakfast', 'Iogurte', 200, 400, 20, 40, 10);
INSERT INTO diary_meals (id, day_id, section, name, grams, calories, protein, carbs, fat) VALUES (286, 72, 'lunch', 'Frango com Arroz', 200, 400, 20, 40, 10);
INSERT INTO diary_meals (id, day_id, section, name, grams, calories, protein, carbs, fat) VALUES (287, 72, 'snack', 'Fruta', 200, 400, 20, 40, 10);
INSERT INTO diary_meals (id, day_id, section, name, grams, calories, protein, carbs, fat) VALUES (288, 72, 'dinner', 'Sopa', 200, 400, 20, 40, 10);
INSERT INTO diary_days (id, user_id, date_key, goal, water_liters) VALUES (73, 5, '2026-02-03', 2000, 2.0);
INSERT INTO diary_meals (id, day_id, section, name, grams, calories, protein, carbs, fat) VALUES (289, 73, 'breakfast', 'Pão Integral', 200, 400, 20, 40, 10);
INSERT INTO diary_meals (id, day_id, section, name, grams, calories, protein, carbs, fat) VALUES (290, 73, 'lunch', 'Frango com Arroz', 200, 400, 20, 40, 10);
INSERT INTO diary_meals (id, day_id, section, name, grams, calories, protein, carbs, fat) VALUES (291, 73, 'snack', 'Fruta', 200, 400, 20, 40, 10);
INSERT INTO diary_meals (id, day_id, section, name, grams, calories, protein, carbs, fat) VALUES (292, 73, 'dinner', 'Sopa', 200, 400, 20, 40, 10);
INSERT INTO diary_days (id, user_id, date_key, goal, water_liters) VALUES (74, 5, '2026-02-02', 2000, 2.0);
INSERT INTO diary_meals (id, day_id, section, name, grams, calories, protein, carbs, fat) VALUES (293, 74, 'breakfast', 'Iogurte', 200, 400, 20, 40, 10);
INSERT INTO diary_meals (id, day_id, section, name, grams, calories, protein, carbs, fat) VALUES (294, 74, 'lunch', 'Frango com Arroz', 200, 400, 20, 40, 10);
INSERT INTO diary_meals (id, day_id, section, name, grams, calories, protein, carbs, fat) VALUES (295, 74, 'snack', 'Fruta', 200, 400, 20, 40, 10);
INSERT INTO diary_meals (id, day_id, section, name, grams, calories, protein, carbs, fat) VALUES (296, 74, 'dinner', 'Sopa', 200, 400, 20, 40, 10);
INSERT INTO diary_days (id, user_id, date_key, goal, water_liters) VALUES (75, 5, '2026-02-01', 2000, 2.0);
INSERT INTO diary_meals (id, day_id, section, name, grams, calories, protein, carbs, fat) VALUES (297, 75, 'breakfast', 'Pão Integral', 200, 400, 20, 40, 10);
INSERT INTO diary_meals (id, day_id, section, name, grams, calories, protein, carbs, fat) VALUES (298, 75, 'lunch', 'Frango com Arroz', 200, 400, 20, 40, 10);
INSERT INTO diary_meals (id, day_id, section, name, grams, calories, protein, carbs, fat) VALUES (299, 75, 'snack', 'Fruta', 200, 400, 20, 40, 10);
INSERT INTO diary_meals (id, day_id, section, name, grams, calories, protein, carbs, fat) VALUES (300, 75, 'dinner', 'Sopa', 200, 400, 20, 40, 10);
INSERT INTO diary_days (id, user_id, date_key, goal, water_liters) VALUES (76, 6, '2026-02-15', 2000, 2.0);
INSERT INTO diary_meals (id, day_id, section, name, grams, calories, protein, carbs, fat) VALUES (301, 76, 'breakfast', 'Pão Integral', 200, 400, 20, 40, 10);
INSERT INTO diary_meals (id, day_id, section, name, grams, calories, protein, carbs, fat) VALUES (302, 76, 'lunch', 'Frango com Arroz', 200, 400, 20, 40, 10);
INSERT INTO diary_meals (id, day_id, section, name, grams, calories, protein, carbs, fat) VALUES (303, 76, 'snack', 'Fruta', 200, 400, 20, 40, 10);
INSERT INTO diary_meals (id, day_id, section, name, grams, calories, protein, carbs, fat) VALUES (304, 76, 'dinner', 'Sopa', 200, 400, 20, 40, 10);
INSERT INTO diary_days (id, user_id, date_key, goal, water_liters) VALUES (77, 6, '2026-02-14', 2000, 2.0);
INSERT INTO diary_meals (id, day_id, section, name, grams, calories, protein, carbs, fat) VALUES (305, 77, 'breakfast', 'Pão Integral', 200, 400, 20, 40, 10);
INSERT INTO diary_meals (id, day_id, section, name, grams, calories, protein, carbs, fat) VALUES (306, 77, 'lunch', 'Frango com Arroz', 200, 400, 20, 40, 10);
INSERT INTO diary_meals (id, day_id, section, name, grams, calories, protein, carbs, fat) VALUES (307, 77, 'snack', 'Fruta', 200, 400, 20, 40, 10);
INSERT INTO diary_meals (id, day_id, section, name, grams, calories, protein, carbs, fat) VALUES (308, 77, 'dinner', 'Sopa', 200, 400, 20, 40, 10);
INSERT INTO diary_days (id, user_id, date_key, goal, water_liters) VALUES (78, 6, '2026-02-13', 2000, 2.0);
INSERT INTO diary_meals (id, day_id, section, name, grams, calories, protein, carbs, fat) VALUES (309, 78, 'breakfast', 'Pão Integral', 200, 400, 20, 40, 10);
INSERT INTO diary_meals (id, day_id, section, name, grams, calories, protein, carbs, fat) VALUES (310, 78, 'lunch', 'Frango com Arroz', 200, 400, 20, 40, 10);
INSERT INTO diary_meals (id, day_id, section, name, grams, calories, protein, carbs, fat) VALUES (311, 78, 'snack', 'Fruta', 200, 400, 20, 40, 10);
INSERT INTO diary_meals (id, day_id, section, name, grams, calories, protein, carbs, fat) VALUES (312, 78, 'dinner', 'Sopa', 200, 400, 20, 40, 10);
INSERT INTO diary_days (id, user_id, date_key, goal, water_liters) VALUES (79, 6, '2026-02-12', 2000, 2.0);
INSERT INTO diary_meals (id, day_id, section, name, grams, calories, protein, carbs, fat) VALUES (313, 79, 'breakfast', 'Iogurte', 200, 400, 20, 40, 10);
INSERT INTO diary_meals (id, day_id, section, name, grams, calories, protein, carbs, fat) VALUES (314, 79, 'lunch', 'Frango com Arroz', 200, 400, 20, 40, 10);
INSERT INTO diary_meals (id, day_id, section, name, grams, calories, protein, carbs, fat) VALUES (315, 79, 'snack', 'Fruta', 200, 400, 20, 40, 10);
INSERT INTO diary_meals (id, day_id, section, name, grams, calories, protein, carbs, fat) VALUES (316, 79, 'dinner', 'Sopa', 200, 400, 20, 40, 10);
INSERT INTO diary_days (id, user_id, date_key, goal, water_liters) VALUES (80, 6, '2026-02-11', 2000, 2.0);
INSERT INTO diary_meals (id, day_id, section, name, grams, calories, protein, carbs, fat) VALUES (317, 80, 'breakfast', 'Pão Integral', 200, 400, 20, 40, 10);
INSERT INTO diary_meals (id, day_id, section, name, grams, calories, protein, carbs, fat) VALUES (318, 80, 'lunch', 'Frango com Arroz', 200, 400, 20, 40, 10);
INSERT INTO diary_meals (id, day_id, section, name, grams, calories, protein, carbs, fat) VALUES (319, 80, 'snack', 'Fruta', 200, 400, 20, 40, 10);
INSERT INTO diary_meals (id, day_id, section, name, grams, calories, protein, carbs, fat) VALUES (320, 80, 'dinner', 'Sopa', 200, 400, 20, 40, 10);
INSERT INTO diary_days (id, user_id, date_key, goal, water_liters) VALUES (81, 6, '2026-02-10', 2000, 2.0);
INSERT INTO diary_meals (id, day_id, section, name, grams, calories, protein, carbs, fat) VALUES (321, 81, 'breakfast', 'Pão Integral', 200, 400, 20, 40, 10);
INSERT INTO diary_meals (id, day_id, section, name, grams, calories, protein, carbs, fat) VALUES (322, 81, 'lunch', 'Frango com Arroz', 200, 400, 20, 40, 10);
INSERT INTO diary_meals (id, day_id, section, name, grams, calories, protein, carbs, fat) VALUES (323, 81, 'snack', 'Fruta', 200, 400, 20, 40, 10);
INSERT INTO diary_meals (id, day_id, section, name, grams, calories, protein, carbs, fat) VALUES (324, 81, 'dinner', 'Sopa', 200, 400, 20, 40, 10);
INSERT INTO diary_days (id, user_id, date_key, goal, water_liters) VALUES (82, 6, '2026-02-09', 2000, 2.0);
INSERT INTO diary_meals (id, day_id, section, name, grams, calories, protein, carbs, fat) VALUES (325, 82, 'breakfast', 'Iogurte', 200, 400, 20, 40, 10);
INSERT INTO diary_meals (id, day_id, section, name, grams, calories, protein, carbs, fat) VALUES (326, 82, 'lunch', 'Frango com Arroz', 200, 400, 20, 40, 10);
INSERT INTO diary_meals (id, day_id, section, name, grams, calories, protein, carbs, fat) VALUES (327, 82, 'snack', 'Fruta', 200, 400, 20, 40, 10);
INSERT INTO diary_meals (id, day_id, section, name, grams, calories, protein, carbs, fat) VALUES (328, 82, 'dinner', 'Sopa', 200, 400, 20, 40, 10);
INSERT INTO diary_days (id, user_id, date_key, goal, water_liters) VALUES (83, 6, '2026-02-08', 2000, 2.0);
INSERT INTO diary_meals (id, day_id, section, name, grams, calories, protein, carbs, fat) VALUES (329, 83, 'breakfast', 'Pão Integral', 200, 400, 20, 40, 10);
INSERT INTO diary_meals (id, day_id, section, name, grams, calories, protein, carbs, fat) VALUES (330, 83, 'lunch', 'Frango com Arroz', 200, 400, 20, 40, 10);
INSERT INTO diary_meals (id, day_id, section, name, grams, calories, protein, carbs, fat) VALUES (331, 83, 'snack', 'Fruta', 200, 400, 20, 40, 10);
INSERT INTO diary_meals (id, day_id, section, name, grams, calories, protein, carbs, fat) VALUES (332, 83, 'dinner', 'Sopa', 200, 400, 20, 40, 10);
INSERT INTO diary_days (id, user_id, date_key, goal, water_liters) VALUES (84, 6, '2026-02-07', 2000, 2.0);
INSERT INTO diary_meals (id, day_id, section, name, grams, calories, protein, carbs, fat) VALUES (333, 84, 'breakfast', 'Pão Integral', 200, 400, 20, 40, 10);
INSERT INTO diary_meals (id, day_id, section, name, grams, calories, protein, carbs, fat) VALUES (334, 84, 'lunch', 'Frango com Arroz', 200, 400, 20, 40, 10);
INSERT INTO diary_meals (id, day_id, section, name, grams, calories, protein, carbs, fat) VALUES (335, 84, 'snack', 'Fruta', 200, 400, 20, 40, 10);
INSERT INTO diary_meals (id, day_id, section, name, grams, calories, protein, carbs, fat) VALUES (336, 84, 'dinner', 'Sopa', 200, 400, 20, 40, 10);
INSERT INTO diary_days (id, user_id, date_key, goal, water_liters) VALUES (85, 6, '2026-02-06', 2000, 2.0);
INSERT INTO diary_meals (id, day_id, section, name, grams, calories, protein, carbs, fat) VALUES (337, 85, 'breakfast', 'Iogurte', 200, 400, 20, 40, 10);
INSERT INTO diary_meals (id, day_id, section, name, grams, calories, protein, carbs, fat) VALUES (338, 85, 'lunch', 'Frango com Arroz', 200, 400, 20, 40, 10);
INSERT INTO diary_meals (id, day_id, section, name, grams, calories, protein, carbs, fat) VALUES (339, 85, 'snack', 'Fruta', 200, 400, 20, 40, 10);
INSERT INTO diary_meals (id, day_id, section, name, grams, calories, protein, carbs, fat) VALUES (340, 85, 'dinner', 'Sopa', 200, 400, 20, 40, 10);
INSERT INTO diary_days (id, user_id, date_key, goal, water_liters) VALUES (86, 6, '2026-02-05', 2000, 2.0);
INSERT INTO diary_meals (id, day_id, section, name, grams, calories, protein, carbs, fat) VALUES (341, 86, 'breakfast', 'Pão Integral', 200, 400, 20, 40, 10);
INSERT INTO diary_meals (id, day_id, section, name, grams, calories, protein, carbs, fat) VALUES (342, 86, 'lunch', 'Frango com Arroz', 200, 400, 20, 40, 10);
INSERT INTO diary_meals (id, day_id, section, name, grams, calories, protein, carbs, fat) VALUES (343, 86, 'snack', 'Fruta', 200, 400, 20, 40, 10);
INSERT INTO diary_meals (id, day_id, section, name, grams, calories, protein, carbs, fat) VALUES (344, 86, 'dinner', 'Sopa', 200, 400, 20, 40, 10);
INSERT INTO diary_days (id, user_id, date_key, goal, water_liters) VALUES (87, 6, '2026-02-04', 2000, 2.0);
INSERT INTO diary_meals (id, day_id, section, name, grams, calories, protein, carbs, fat) VALUES (345, 87, 'breakfast', 'Iogurte', 200, 400, 20, 40, 10);
INSERT INTO diary_meals (id, day_id, section, name, grams, calories, protein, carbs, fat) VALUES (346, 87, 'lunch', 'Frango com Arroz', 200, 400, 20, 40, 10);
INSERT INTO diary_meals (id, day_id, section, name, grams, calories, protein, carbs, fat) VALUES (347, 87, 'snack', 'Fruta', 200, 400, 20, 40, 10);
INSERT INTO diary_meals (id, day_id, section, name, grams, calories, protein, carbs, fat) VALUES (348, 87, 'dinner', 'Sopa', 200, 400, 20, 40, 10);
INSERT INTO diary_days (id, user_id, date_key, goal, water_liters) VALUES (88, 6, '2026-02-03', 2000, 2.0);
INSERT INTO diary_meals (id, day_id, section, name, grams, calories, protein, carbs, fat) VALUES (349, 88, 'breakfast', 'Pão Integral', 200, 400, 20, 40, 10);
INSERT INTO diary_meals (id, day_id, section, name, grams, calories, protein, carbs, fat) VALUES (350, 88, 'lunch', 'Frango com Arroz', 200, 400, 20, 40, 10);
INSERT INTO diary_meals (id, day_id, section, name, grams, calories, protein, carbs, fat) VALUES (351, 88, 'snack', 'Fruta', 200, 400, 20, 40, 10);
INSERT INTO diary_meals (id, day_id, section, name, grams, calories, protein, carbs, fat) VALUES (352, 88, 'dinner', 'Sopa', 200, 400, 20, 40, 10);
INSERT INTO diary_days (id, user_id, date_key, goal, water_liters) VALUES (89, 6, '2026-02-02', 2000, 2.0);
INSERT INTO diary_meals (id, day_id, section, name, grams, calories, protein, carbs, fat) VALUES (353, 89, 'breakfast', 'Pão Integral', 200, 400, 20, 40, 10);
INSERT INTO diary_meals (id, day_id, section, name, grams, calories, protein, carbs, fat) VALUES (354, 89, 'lunch', 'Frango com Arroz', 200, 400, 20, 40, 10);
INSERT INTO diary_meals (id, day_id, section, name, grams, calories, protein, carbs, fat) VALUES (355, 89, 'snack', 'Fruta', 200, 400, 20, 40, 10);
INSERT INTO diary_meals (id, day_id, section, name, grams, calories, protein, carbs, fat) VALUES (356, 89, 'dinner', 'Sopa', 200, 400, 20, 40, 10);
INSERT INTO diary_days (id, user_id, date_key, goal, water_liters) VALUES (90, 6, '2026-02-01', 2000, 2.0);
INSERT INTO diary_meals (id, day_id, section, name, grams, calories, protein, carbs, fat) VALUES (357, 90, 'breakfast', 'Pão Integral', 200, 400, 20, 40, 10);
INSERT INTO diary_meals (id, day_id, section, name, grams, calories, protein, carbs, fat) VALUES (358, 90, 'lunch', 'Frango com Arroz', 200, 400, 20, 40, 10);
INSERT INTO diary_meals (id, day_id, section, name, grams, calories, protein, carbs, fat) VALUES (359, 90, 'snack', 'Fruta', 200, 400, 20, 40, 10);
INSERT INTO diary_meals (id, day_id, section, name, grams, calories, protein, carbs, fat) VALUES (360, 90, 'dinner', 'Sopa', 200, 400, 20, 40, 10);
INSERT INTO diary_days (id, user_id, date_key, goal, water_liters) VALUES (91, 7, '2026-02-15', 2000, 2.0);
INSERT INTO diary_meals (id, day_id, section, name, grams, calories, protein, carbs, fat) VALUES (361, 91, 'breakfast', 'Pão Integral', 200, 400, 20, 40, 10);
INSERT INTO diary_meals (id, day_id, section, name, grams, calories, protein, carbs, fat) VALUES (362, 91, 'lunch', 'Frango com Arroz', 200, 400, 20, 40, 10);
INSERT INTO diary_meals (id, day_id, section, name, grams, calories, protein, carbs, fat) VALUES (363, 91, 'snack', 'Fruta', 200, 400, 20, 40, 10);
INSERT INTO diary_meals (id, day_id, section, name, grams, calories, protein, carbs, fat) VALUES (364, 91, 'dinner', 'Sopa', 200, 400, 20, 40, 10);
INSERT INTO diary_days (id, user_id, date_key, goal, water_liters) VALUES (92, 7, '2026-02-14', 2000, 2.0);
INSERT INTO diary_meals (id, day_id, section, name, grams, calories, protein, carbs, fat) VALUES (365, 92, 'breakfast', 'Iogurte', 200, 400, 20, 40, 10);
INSERT INTO diary_meals (id, day_id, section, name, grams, calories, protein, carbs, fat) VALUES (366, 92, 'lunch', 'Frango com Arroz', 200, 400, 20, 40, 10);
INSERT INTO diary_meals (id, day_id, section, name, grams, calories, protein, carbs, fat) VALUES (367, 92, 'snack', 'Fruta', 200, 400, 20, 40, 10);
INSERT INTO diary_meals (id, day_id, section, name, grams, calories, protein, carbs, fat) VALUES (368, 92, 'dinner', 'Sopa', 200, 400, 20, 40, 10);
INSERT INTO diary_days (id, user_id, date_key, goal, water_liters) VALUES (93, 7, '2026-02-13', 2000, 2.0);
INSERT INTO diary_meals (id, day_id, section, name, grams, calories, protein, carbs, fat) VALUES (369, 93, 'breakfast', 'Iogurte', 200, 400, 20, 40, 10);
INSERT INTO diary_meals (id, day_id, section, name, grams, calories, protein, carbs, fat) VALUES (370, 93, 'lunch', 'Frango com Arroz', 200, 400, 20, 40, 10);
INSERT INTO diary_meals (id, day_id, section, name, grams, calories, protein, carbs, fat) VALUES (371, 93, 'snack', 'Fruta', 200, 400, 20, 40, 10);
INSERT INTO diary_meals (id, day_id, section, name, grams, calories, protein, carbs, fat) VALUES (372, 93, 'dinner', 'Sopa', 200, 400, 20, 40, 10);
INSERT INTO diary_days (id, user_id, date_key, goal, water_liters) VALUES (94, 7, '2026-02-12', 2000, 2.0);
INSERT INTO diary_meals (id, day_id, section, name, grams, calories, protein, carbs, fat) VALUES (373, 94, 'breakfast', 'Iogurte', 200, 400, 20, 40, 10);
INSERT INTO diary_meals (id, day_id, section, name, grams, calories, protein, carbs, fat) VALUES (374, 94, 'lunch', 'Frango com Arroz', 200, 400, 20, 40, 10);
INSERT INTO diary_meals (id, day_id, section, name, grams, calories, protein, carbs, fat) VALUES (375, 94, 'snack', 'Fruta', 200, 400, 20, 40, 10);
INSERT INTO diary_meals (id, day_id, section, name, grams, calories, protein, carbs, fat) VALUES (376, 94, 'dinner', 'Sopa', 200, 400, 20, 40, 10);
INSERT INTO diary_days (id, user_id, date_key, goal, water_liters) VALUES (95, 7, '2026-02-11', 2000, 2.0);
INSERT INTO diary_meals (id, day_id, section, name, grams, calories, protein, carbs, fat) VALUES (377, 95, 'breakfast', 'Iogurte', 200, 400, 20, 40, 10);
INSERT INTO diary_meals (id, day_id, section, name, grams, calories, protein, carbs, fat) VALUES (378, 95, 'lunch', 'Frango com Arroz', 200, 400, 20, 40, 10);
INSERT INTO diary_meals (id, day_id, section, name, grams, calories, protein, carbs, fat) VALUES (379, 95, 'snack', 'Fruta', 200, 400, 20, 40, 10);
INSERT INTO diary_meals (id, day_id, section, name, grams, calories, protein, carbs, fat) VALUES (380, 95, 'dinner', 'Sopa', 200, 400, 20, 40, 10);
INSERT INTO diary_days (id, user_id, date_key, goal, water_liters) VALUES (96, 7, '2026-02-10', 2000, 2.0);
INSERT INTO diary_meals (id, day_id, section, name, grams, calories, protein, carbs, fat) VALUES (381, 96, 'breakfast', 'Iogurte', 200, 400, 20, 40, 10);
INSERT INTO diary_meals (id, day_id, section, name, grams, calories, protein, carbs, fat) VALUES (382, 96, 'lunch', 'Frango com Arroz', 200, 400, 20, 40, 10);
INSERT INTO diary_meals (id, day_id, section, name, grams, calories, protein, carbs, fat) VALUES (383, 96, 'snack', 'Fruta', 200, 400, 20, 40, 10);
INSERT INTO diary_meals (id, day_id, section, name, grams, calories, protein, carbs, fat) VALUES (384, 96, 'dinner', 'Sopa', 200, 400, 20, 40, 10);
INSERT INTO diary_days (id, user_id, date_key, goal, water_liters) VALUES (97, 7, '2026-02-09', 2000, 2.0);
INSERT INTO diary_meals (id, day_id, section, name, grams, calories, protein, carbs, fat) VALUES (385, 97, 'breakfast', 'Iogurte', 200, 400, 20, 40, 10);
INSERT INTO diary_meals (id, day_id, section, name, grams, calories, protein, carbs, fat) VALUES (386, 97, 'lunch', 'Frango com Arroz', 200, 400, 20, 40, 10);
INSERT INTO diary_meals (id, day_id, section, name, grams, calories, protein, carbs, fat) VALUES (387, 97, 'snack', 'Fruta', 200, 400, 20, 40, 10);
INSERT INTO diary_meals (id, day_id, section, name, grams, calories, protein, carbs, fat) VALUES (388, 97, 'dinner', 'Sopa', 200, 400, 20, 40, 10);
INSERT INTO diary_days (id, user_id, date_key, goal, water_liters) VALUES (98, 7, '2026-02-08', 2000, 2.0);
INSERT INTO diary_meals (id, day_id, section, name, grams, calories, protein, carbs, fat) VALUES (389, 98, 'breakfast', 'Pão Integral', 200, 400, 20, 40, 10);
INSERT INTO diary_meals (id, day_id, section, name, grams, calories, protein, carbs, fat) VALUES (390, 98, 'lunch', 'Frango com Arroz', 200, 400, 20, 40, 10);
INSERT INTO diary_meals (id, day_id, section, name, grams, calories, protein, carbs, fat) VALUES (391, 98, 'snack', 'Fruta', 200, 400, 20, 40, 10);
INSERT INTO diary_meals (id, day_id, section, name, grams, calories, protein, carbs, fat) VALUES (392, 98, 'dinner', 'Sopa', 200, 400, 20, 40, 10);
INSERT INTO diary_days (id, user_id, date_key, goal, water_liters) VALUES (99, 7, '2026-02-07', 2000, 2.0);
INSERT INTO diary_meals (id, day_id, section, name, grams, calories, protein, carbs, fat) VALUES (393, 99, 'breakfast', 'Pão Integral', 200, 400, 20, 40, 10);
INSERT INTO diary_meals (id, day_id, section, name, grams, calories, protein, carbs, fat) VALUES (394, 99, 'lunch', 'Frango com Arroz', 200, 400, 20, 40, 10);
INSERT INTO diary_meals (id, day_id, section, name, grams, calories, protein, carbs, fat) VALUES (395, 99, 'snack', 'Fruta', 200, 400, 20, 40, 10);
INSERT INTO diary_meals (id, day_id, section, name, grams, calories, protein, carbs, fat) VALUES (396, 99, 'dinner', 'Sopa', 200, 400, 20, 40, 10);
INSERT INTO diary_days (id, user_id, date_key, goal, water_liters) VALUES (100, 7, '2026-02-06', 2000, 2.0);
INSERT INTO diary_meals (id, day_id, section, name, grams, calories, protein, carbs, fat) VALUES (397, 100, 'breakfast', 'Pão Integral', 200, 400, 20, 40, 10);
INSERT INTO diary_meals (id, day_id, section, name, grams, calories, protein, carbs, fat) VALUES (398, 100, 'lunch', 'Frango com Arroz', 200, 400, 20, 40, 10);
INSERT INTO diary_meals (id, day_id, section, name, grams, calories, protein, carbs, fat) VALUES (399, 100, 'snack', 'Fruta', 200, 400, 20, 40, 10);
INSERT INTO diary_meals (id, day_id, section, name, grams, calories, protein, carbs, fat) VALUES (400, 100, 'dinner', 'Sopa', 200, 400, 20, 40, 10);
INSERT INTO diary_days (id, user_id, date_key, goal, water_liters) VALUES (101, 7, '2026-02-05', 2000, 2.0);
INSERT INTO diary_meals (id, day_id, section, name, grams, calories, protein, carbs, fat) VALUES (401, 101, 'breakfast', 'Pão Integral', 200, 400, 20, 40, 10);
INSERT INTO diary_meals (id, day_id, section, name, grams, calories, protein, carbs, fat) VALUES (402, 101, 'lunch', 'Frango com Arroz', 200, 400, 20, 40, 10);
INSERT INTO diary_meals (id, day_id, section, name, grams, calories, protein, carbs, fat) VALUES (403, 101, 'snack', 'Fruta', 200, 400, 20, 40, 10);
INSERT INTO diary_meals (id, day_id, section, name, grams, calories, protein, carbs, fat) VALUES (404, 101, 'dinner', 'Sopa', 200, 400, 20, 40, 10);
INSERT INTO diary_days (id, user_id, date_key, goal, water_liters) VALUES (102, 7, '2026-02-04', 2000, 2.0);
INSERT INTO diary_meals (id, day_id, section, name, grams, calories, protein, carbs, fat) VALUES (405, 102, 'breakfast', 'Pão Integral', 200, 400, 20, 40, 10);
INSERT INTO diary_meals (id, day_id, section, name, grams, calories, protein, carbs, fat) VALUES (406, 102, 'lunch', 'Frango com Arroz', 200, 400, 20, 40, 10);
INSERT INTO diary_meals (id, day_id, section, name, grams, calories, protein, carbs, fat) VALUES (407, 102, 'snack', 'Fruta', 200, 400, 20, 40, 10);
INSERT INTO diary_meals (id, day_id, section, name, grams, calories, protein, carbs, fat) VALUES (408, 102, 'dinner', 'Sopa', 200, 400, 20, 40, 10);
INSERT INTO diary_days (id, user_id, date_key, goal, water_liters) VALUES (103, 7, '2026-02-03', 2000, 2.0);
INSERT INTO diary_meals (id, day_id, section, name, grams, calories, protein, carbs, fat) VALUES (409, 103, 'breakfast', 'Pão Integral', 200, 400, 20, 40, 10);
INSERT INTO diary_meals (id, day_id, section, name, grams, calories, protein, carbs, fat) VALUES (410, 103, 'lunch', 'Frango com Arroz', 200, 400, 20, 40, 10);
INSERT INTO diary_meals (id, day_id, section, name, grams, calories, protein, carbs, fat) VALUES (411, 103, 'snack', 'Fruta', 200, 400, 20, 40, 10);
INSERT INTO diary_meals (id, day_id, section, name, grams, calories, protein, carbs, fat) VALUES (412, 103, 'dinner', 'Sopa', 200, 400, 20, 40, 10);
INSERT INTO diary_days (id, user_id, date_key, goal, water_liters) VALUES (104, 7, '2026-02-02', 2000, 2.0);
INSERT INTO diary_meals (id, day_id, section, name, grams, calories, protein, carbs, fat) VALUES (413, 104, 'breakfast', 'Pão Integral', 200, 400, 20, 40, 10);
INSERT INTO diary_meals (id, day_id, section, name, grams, calories, protein, carbs, fat) VALUES (414, 104, 'lunch', 'Frango com Arroz', 200, 400, 20, 40, 10);
INSERT INTO diary_meals (id, day_id, section, name, grams, calories, protein, carbs, fat) VALUES (415, 104, 'snack', 'Fruta', 200, 400, 20, 40, 10);
INSERT INTO diary_meals (id, day_id, section, name, grams, calories, protein, carbs, fat) VALUES (416, 104, 'dinner', 'Sopa', 200, 400, 20, 40, 10);
INSERT INTO diary_days (id, user_id, date_key, goal, water_liters) VALUES (105, 7, '2026-02-01', 2000, 2.0);
INSERT INTO diary_meals (id, day_id, section, name, grams, calories, protein, carbs, fat) VALUES (417, 105, 'breakfast', 'Pão Integral', 200, 400, 20, 40, 10);
INSERT INTO diary_meals (id, day_id, section, name, grams, calories, protein, carbs, fat) VALUES (418, 105, 'lunch', 'Frango com Arroz', 200, 400, 20, 40, 10);
INSERT INTO diary_meals (id, day_id, section, name, grams, calories, protein, carbs, fat) VALUES (419, 105, 'snack', 'Fruta', 200, 400, 20, 40, 10);
INSERT INTO diary_meals (id, day_id, section, name, grams, calories, protein, carbs, fat) VALUES (420, 105, 'dinner', 'Sopa', 200, 400, 20, 40, 10);
INSERT INTO diary_days (id, user_id, date_key, goal, water_liters) VALUES (106, 8, '2026-02-15', 2000, 2.0);
INSERT INTO diary_meals (id, day_id, section, name, grams, calories, protein, carbs, fat) VALUES (421, 106, 'breakfast', 'Iogurte', 200, 400, 20, 40, 10);
INSERT INTO diary_meals (id, day_id, section, name, grams, calories, protein, carbs, fat) VALUES (422, 106, 'lunch', 'Frango com Arroz', 200, 400, 20, 40, 10);
INSERT INTO diary_meals (id, day_id, section, name, grams, calories, protein, carbs, fat) VALUES (423, 106, 'snack', 'Fruta', 200, 400, 20, 40, 10);
INSERT INTO diary_meals (id, day_id, section, name, grams, calories, protein, carbs, fat) VALUES (424, 106, 'dinner', 'Sopa', 200, 400, 20, 40, 10);
INSERT INTO diary_days (id, user_id, date_key, goal, water_liters) VALUES (107, 8, '2026-02-14', 2000, 2.0);
INSERT INTO diary_meals (id, day_id, section, name, grams, calories, protein, carbs, fat) VALUES (425, 107, 'breakfast', 'Iogurte', 200, 400, 20, 40, 10);
INSERT INTO diary_meals (id, day_id, section, name, grams, calories, protein, carbs, fat) VALUES (426, 107, 'lunch', 'Frango com Arroz', 200, 400, 20, 40, 10);
INSERT INTO diary_meals (id, day_id, section, name, grams, calories, protein, carbs, fat) VALUES (427, 107, 'snack', 'Fruta', 200, 400, 20, 40, 10);
INSERT INTO diary_meals (id, day_id, section, name, grams, calories, protein, carbs, fat) VALUES (428, 107, 'dinner', 'Sopa', 200, 400, 20, 40, 10);
INSERT INTO diary_days (id, user_id, date_key, goal, water_liters) VALUES (108, 8, '2026-02-13', 2000, 2.0);
INSERT INTO diary_meals (id, day_id, section, name, grams, calories, protein, carbs, fat) VALUES (429, 108, 'breakfast', 'Pão Integral', 200, 400, 20, 40, 10);
INSERT INTO diary_meals (id, day_id, section, name, grams, calories, protein, carbs, fat) VALUES (430, 108, 'lunch', 'Frango com Arroz', 200, 400, 20, 40, 10);
INSERT INTO diary_meals (id, day_id, section, name, grams, calories, protein, carbs, fat) VALUES (431, 108, 'snack', 'Fruta', 200, 400, 20, 40, 10);
INSERT INTO diary_meals (id, day_id, section, name, grams, calories, protein, carbs, fat) VALUES (432, 108, 'dinner', 'Sopa', 200, 400, 20, 40, 10);
INSERT INTO diary_days (id, user_id, date_key, goal, water_liters) VALUES (109, 8, '2026-02-12', 2000, 2.0);
INSERT INTO diary_meals (id, day_id, section, name, grams, calories, protein, carbs, fat) VALUES (433, 109, 'breakfast', 'Pão Integral', 200, 400, 20, 40, 10);
INSERT INTO diary_meals (id, day_id, section, name, grams, calories, protein, carbs, fat) VALUES (434, 109, 'lunch', 'Frango com Arroz', 200, 400, 20, 40, 10);
INSERT INTO diary_meals (id, day_id, section, name, grams, calories, protein, carbs, fat) VALUES (435, 109, 'snack', 'Fruta', 200, 400, 20, 40, 10);
INSERT INTO diary_meals (id, day_id, section, name, grams, calories, protein, carbs, fat) VALUES (436, 109, 'dinner', 'Sopa', 200, 400, 20, 40, 10);
INSERT INTO diary_days (id, user_id, date_key, goal, water_liters) VALUES (110, 8, '2026-02-11', 2000, 2.0);
INSERT INTO diary_meals (id, day_id, section, name, grams, calories, protein, carbs, fat) VALUES (437, 110, 'breakfast', 'Iogurte', 200, 400, 20, 40, 10);
INSERT INTO diary_meals (id, day_id, section, name, grams, calories, protein, carbs, fat) VALUES (438, 110, 'lunch', 'Frango com Arroz', 200, 400, 20, 40, 10);
INSERT INTO diary_meals (id, day_id, section, name, grams, calories, protein, carbs, fat) VALUES (439, 110, 'snack', 'Fruta', 200, 400, 20, 40, 10);
INSERT INTO diary_meals (id, day_id, section, name, grams, calories, protein, carbs, fat) VALUES (440, 110, 'dinner', 'Sopa', 200, 400, 20, 40, 10);
INSERT INTO diary_days (id, user_id, date_key, goal, water_liters) VALUES (111, 8, '2026-02-10', 2000, 2.0);
INSERT INTO diary_meals (id, day_id, section, name, grams, calories, protein, carbs, fat) VALUES (441, 111, 'breakfast', 'Iogurte', 200, 400, 20, 40, 10);
INSERT INTO diary_meals (id, day_id, section, name, grams, calories, protein, carbs, fat) VALUES (442, 111, 'lunch', 'Frango com Arroz', 200, 400, 20, 40, 10);
INSERT INTO diary_meals (id, day_id, section, name, grams, calories, protein, carbs, fat) VALUES (443, 111, 'snack', 'Fruta', 200, 400, 20, 40, 10);
INSERT INTO diary_meals (id, day_id, section, name, grams, calories, protein, carbs, fat) VALUES (444, 111, 'dinner', 'Sopa', 200, 400, 20, 40, 10);
INSERT INTO diary_days (id, user_id, date_key, goal, water_liters) VALUES (112, 8, '2026-02-09', 2000, 2.0);
INSERT INTO diary_meals (id, day_id, section, name, grams, calories, protein, carbs, fat) VALUES (445, 112, 'breakfast', 'Pão Integral', 200, 400, 20, 40, 10);
INSERT INTO diary_meals (id, day_id, section, name, grams, calories, protein, carbs, fat) VALUES (446, 112, 'lunch', 'Frango com Arroz', 200, 400, 20, 40, 10);
INSERT INTO diary_meals (id, day_id, section, name, grams, calories, protein, carbs, fat) VALUES (447, 112, 'snack', 'Fruta', 200, 400, 20, 40, 10);
INSERT INTO diary_meals (id, day_id, section, name, grams, calories, protein, carbs, fat) VALUES (448, 112, 'dinner', 'Sopa', 200, 400, 20, 40, 10);
INSERT INTO diary_days (id, user_id, date_key, goal, water_liters) VALUES (113, 8, '2026-02-08', 2000, 2.0);
INSERT INTO diary_meals (id, day_id, section, name, grams, calories, protein, carbs, fat) VALUES (449, 113, 'breakfast', 'Pão Integral', 200, 400, 20, 40, 10);
INSERT INTO diary_meals (id, day_id, section, name, grams, calories, protein, carbs, fat) VALUES (450, 113, 'lunch', 'Frango com Arroz', 200, 400, 20, 40, 10);
INSERT INTO diary_meals (id, day_id, section, name, grams, calories, protein, carbs, fat) VALUES (451, 113, 'snack', 'Fruta', 200, 400, 20, 40, 10);
INSERT INTO diary_meals (id, day_id, section, name, grams, calories, protein, carbs, fat) VALUES (452, 113, 'dinner', 'Sopa', 200, 400, 20, 40, 10);
INSERT INTO diary_days (id, user_id, date_key, goal, water_liters) VALUES (114, 8, '2026-02-07', 2000, 2.0);
INSERT INTO diary_meals (id, day_id, section, name, grams, calories, protein, carbs, fat) VALUES (453, 114, 'breakfast', 'Iogurte', 200, 400, 20, 40, 10);
INSERT INTO diary_meals (id, day_id, section, name, grams, calories, protein, carbs, fat) VALUES (454, 114, 'lunch', 'Frango com Arroz', 200, 400, 20, 40, 10);
INSERT INTO diary_meals (id, day_id, section, name, grams, calories, protein, carbs, fat) VALUES (455, 114, 'snack', 'Fruta', 200, 400, 20, 40, 10);
INSERT INTO diary_meals (id, day_id, section, name, grams, calories, protein, carbs, fat) VALUES (456, 114, 'dinner', 'Sopa', 200, 400, 20, 40, 10);
INSERT INTO diary_days (id, user_id, date_key, goal, water_liters) VALUES (115, 8, '2026-02-06', 2000, 2.0);
INSERT INTO diary_meals (id, day_id, section, name, grams, calories, protein, carbs, fat) VALUES (457, 115, 'breakfast', 'Iogurte', 200, 400, 20, 40, 10);
INSERT INTO diary_meals (id, day_id, section, name, grams, calories, protein, carbs, fat) VALUES (458, 115, 'lunch', 'Frango com Arroz', 200, 400, 20, 40, 10);
INSERT INTO diary_meals (id, day_id, section, name, grams, calories, protein, carbs, fat) VALUES (459, 115, 'snack', 'Fruta', 200, 400, 20, 40, 10);
INSERT INTO diary_meals (id, day_id, section, name, grams, calories, protein, carbs, fat) VALUES (460, 115, 'dinner', 'Sopa', 200, 400, 20, 40, 10);
INSERT INTO diary_days (id, user_id, date_key, goal, water_liters) VALUES (116, 8, '2026-02-05', 2000, 2.0);
INSERT INTO diary_meals (id, day_id, section, name, grams, calories, protein, carbs, fat) VALUES (461, 116, 'breakfast', 'Iogurte', 200, 400, 20, 40, 10);
INSERT INTO diary_meals (id, day_id, section, name, grams, calories, protein, carbs, fat) VALUES (462, 116, 'lunch', 'Frango com Arroz', 200, 400, 20, 40, 10);
INSERT INTO diary_meals (id, day_id, section, name, grams, calories, protein, carbs, fat) VALUES (463, 116, 'snack', 'Fruta', 200, 400, 20, 40, 10);
INSERT INTO diary_meals (id, day_id, section, name, grams, calories, protein, carbs, fat) VALUES (464, 116, 'dinner', 'Sopa', 200, 400, 20, 40, 10);
INSERT INTO diary_days (id, user_id, date_key, goal, water_liters) VALUES (117, 8, '2026-02-04', 2000, 2.0);
INSERT INTO diary_meals (id, day_id, section, name, grams, calories, protein, carbs, fat) VALUES (465, 117, 'breakfast', 'Iogurte', 200, 400, 20, 40, 10);
INSERT INTO diary_meals (id, day_id, section, name, grams, calories, protein, carbs, fat) VALUES (466, 117, 'lunch', 'Frango com Arroz', 200, 400, 20, 40, 10);
INSERT INTO diary_meals (id, day_id, section, name, grams, calories, protein, carbs, fat) VALUES (467, 117, 'snack', 'Fruta', 200, 400, 20, 40, 10);
INSERT INTO diary_meals (id, day_id, section, name, grams, calories, protein, carbs, fat) VALUES (468, 117, 'dinner', 'Sopa', 200, 400, 20, 40, 10);
INSERT INTO diary_days (id, user_id, date_key, goal, water_liters) VALUES (118, 8, '2026-02-03', 2000, 2.0);
INSERT INTO diary_meals (id, day_id, section, name, grams, calories, protein, carbs, fat) VALUES (469, 118, 'breakfast', 'Iogurte', 200, 400, 20, 40, 10);
INSERT INTO diary_meals (id, day_id, section, name, grams, calories, protein, carbs, fat) VALUES (470, 118, 'lunch', 'Frango com Arroz', 200, 400, 20, 40, 10);
INSERT INTO diary_meals (id, day_id, section, name, grams, calories, protein, carbs, fat) VALUES (471, 118, 'snack', 'Fruta', 200, 400, 20, 40, 10);
INSERT INTO diary_meals (id, day_id, section, name, grams, calories, protein, carbs, fat) VALUES (472, 118, 'dinner', 'Sopa', 200, 400, 20, 40, 10);
INSERT INTO diary_days (id, user_id, date_key, goal, water_liters) VALUES (119, 8, '2026-02-02', 2000, 2.0);
INSERT INTO diary_meals (id, day_id, section, name, grams, calories, protein, carbs, fat) VALUES (473, 119, 'breakfast', 'Iogurte', 200, 400, 20, 40, 10);
INSERT INTO diary_meals (id, day_id, section, name, grams, calories, protein, carbs, fat) VALUES (474, 119, 'lunch', 'Frango com Arroz', 200, 400, 20, 40, 10);
INSERT INTO diary_meals (id, day_id, section, name, grams, calories, protein, carbs, fat) VALUES (475, 119, 'snack', 'Fruta', 200, 400, 20, 40, 10);
INSERT INTO diary_meals (id, day_id, section, name, grams, calories, protein, carbs, fat) VALUES (476, 119, 'dinner', 'Sopa', 200, 400, 20, 40, 10);
INSERT INTO diary_days (id, user_id, date_key, goal, water_liters) VALUES (120, 8, '2026-02-01', 2000, 2.0);
INSERT INTO diary_meals (id, day_id, section, name, grams, calories, protein, carbs, fat) VALUES (477, 120, 'breakfast', 'Iogurte', 200, 400, 20, 40, 10);
INSERT INTO diary_meals (id, day_id, section, name, grams, calories, protein, carbs, fat) VALUES (478, 120, 'lunch', 'Frango com Arroz', 200, 400, 20, 40, 10);
INSERT INTO diary_meals (id, day_id, section, name, grams, calories, protein, carbs, fat) VALUES (479, 120, 'snack', 'Fruta', 200, 400, 20, 40, 10);
INSERT INTO diary_meals (id, day_id, section, name, grams, calories, protein, carbs, fat) VALUES (480, 120, 'dinner', 'Sopa', 200, 400, 20, 40, 10);
INSERT INTO diary_days (id, user_id, date_key, goal, water_liters) VALUES (121, 9, '2026-02-15', 2000, 2.0);
INSERT INTO diary_meals (id, day_id, section, name, grams, calories, protein, carbs, fat) VALUES (481, 121, 'breakfast', 'Iogurte', 200, 400, 20, 40, 10);
INSERT INTO diary_meals (id, day_id, section, name, grams, calories, protein, carbs, fat) VALUES (482, 121, 'lunch', 'Frango com Arroz', 200, 400, 20, 40, 10);
INSERT INTO diary_meals (id, day_id, section, name, grams, calories, protein, carbs, fat) VALUES (483, 121, 'snack', 'Fruta', 200, 400, 20, 40, 10);
INSERT INTO diary_meals (id, day_id, section, name, grams, calories, protein, carbs, fat) VALUES (484, 121, 'dinner', 'Sopa', 200, 400, 20, 40, 10);
INSERT INTO diary_days (id, user_id, date_key, goal, water_liters) VALUES (122, 9, '2026-02-14', 2000, 2.0);
INSERT INTO diary_meals (id, day_id, section, name, grams, calories, protein, carbs, fat) VALUES (485, 122, 'breakfast', 'Iogurte', 200, 400, 20, 40, 10);
INSERT INTO diary_meals (id, day_id, section, name, grams, calories, protein, carbs, fat) VALUES (486, 122, 'lunch', 'Frango com Arroz', 200, 400, 20, 40, 10);
INSERT INTO diary_meals (id, day_id, section, name, grams, calories, protein, carbs, fat) VALUES (487, 122, 'snack', 'Fruta', 200, 400, 20, 40, 10);
INSERT INTO diary_meals (id, day_id, section, name, grams, calories, protein, carbs, fat) VALUES (488, 122, 'dinner', 'Sopa', 200, 400, 20, 40, 10);
INSERT INTO diary_days (id, user_id, date_key, goal, water_liters) VALUES (123, 9, '2026-02-13', 2000, 2.0);
INSERT INTO diary_meals (id, day_id, section, name, grams, calories, protein, carbs, fat) VALUES (489, 123, 'breakfast', 'Iogurte', 200, 400, 20, 40, 10);
INSERT INTO diary_meals (id, day_id, section, name, grams, calories, protein, carbs, fat) VALUES (490, 123, 'lunch', 'Frango com Arroz', 200, 400, 20, 40, 10);
INSERT INTO diary_meals (id, day_id, section, name, grams, calories, protein, carbs, fat) VALUES (491, 123, 'snack', 'Fruta', 200, 400, 20, 40, 10);
INSERT INTO diary_meals (id, day_id, section, name, grams, calories, protein, carbs, fat) VALUES (492, 123, 'dinner', 'Sopa', 200, 400, 20, 40, 10);
INSERT INTO diary_days (id, user_id, date_key, goal, water_liters) VALUES (124, 9, '2026-02-12', 2000, 2.0);
INSERT INTO diary_meals (id, day_id, section, name, grams, calories, protein, carbs, fat) VALUES (493, 124, 'breakfast', 'Iogurte', 200, 400, 20, 40, 10);
INSERT INTO diary_meals (id, day_id, section, name, grams, calories, protein, carbs, fat) VALUES (494, 124, 'lunch', 'Frango com Arroz', 200, 400, 20, 40, 10);
INSERT INTO diary_meals (id, day_id, section, name, grams, calories, protein, carbs, fat) VALUES (495, 124, 'snack', 'Fruta', 200, 400, 20, 40, 10);
INSERT INTO diary_meals (id, day_id, section, name, grams, calories, protein, carbs, fat) VALUES (496, 124, 'dinner', 'Sopa', 200, 400, 20, 40, 10);
INSERT INTO diary_days (id, user_id, date_key, goal, water_liters) VALUES (125, 9, '2026-02-11', 2000, 2.0);
INSERT INTO diary_meals (id, day_id, section, name, grams, calories, protein, carbs, fat) VALUES (497, 125, 'breakfast', 'Pão Integral', 200, 400, 20, 40, 10);
INSERT INTO diary_meals (id, day_id, section, name, grams, calories, protein, carbs, fat) VALUES (498, 125, 'lunch', 'Frango com Arroz', 200, 400, 20, 40, 10);
INSERT INTO diary_meals (id, day_id, section, name, grams, calories, protein, carbs, fat) VALUES (499, 125, 'snack', 'Fruta', 200, 400, 20, 40, 10);
INSERT INTO diary_meals (id, day_id, section, name, grams, calories, protein, carbs, fat) VALUES (500, 125, 'dinner', 'Sopa', 200, 400, 20, 40, 10);
INSERT INTO diary_days (id, user_id, date_key, goal, water_liters) VALUES (126, 9, '2026-02-10', 2000, 2.0);
INSERT INTO diary_meals (id, day_id, section, name, grams, calories, protein, carbs, fat) VALUES (501, 126, 'breakfast', 'Iogurte', 200, 400, 20, 40, 10);
INSERT INTO diary_meals (id, day_id, section, name, grams, calories, protein, carbs, fat) VALUES (502, 126, 'lunch', 'Frango com Arroz', 200, 400, 20, 40, 10);
INSERT INTO diary_meals (id, day_id, section, name, grams, calories, protein, carbs, fat) VALUES (503, 126, 'snack', 'Fruta', 200, 400, 20, 40, 10);
INSERT INTO diary_meals (id, day_id, section, name, grams, calories, protein, carbs, fat) VALUES (504, 126, 'dinner', 'Sopa', 200, 400, 20, 40, 10);
INSERT INTO diary_days (id, user_id, date_key, goal, water_liters) VALUES (127, 9, '2026-02-09', 2000, 2.0);
INSERT INTO diary_meals (id, day_id, section, name, grams, calories, protein, carbs, fat) VALUES (505, 127, 'breakfast', 'Iogurte', 200, 400, 20, 40, 10);
INSERT INTO diary_meals (id, day_id, section, name, grams, calories, protein, carbs, fat) VALUES (506, 127, 'lunch', 'Frango com Arroz', 200, 400, 20, 40, 10);
INSERT INTO diary_meals (id, day_id, section, name, grams, calories, protein, carbs, fat) VALUES (507, 127, 'snack', 'Fruta', 200, 400, 20, 40, 10);
INSERT INTO diary_meals (id, day_id, section, name, grams, calories, protein, carbs, fat) VALUES (508, 127, 'dinner', 'Sopa', 200, 400, 20, 40, 10);
INSERT INTO diary_days (id, user_id, date_key, goal, water_liters) VALUES (128, 9, '2026-02-08', 2000, 2.0);
INSERT INTO diary_meals (id, day_id, section, name, grams, calories, protein, carbs, fat) VALUES (509, 128, 'breakfast', 'Iogurte', 200, 400, 20, 40, 10);
INSERT INTO diary_meals (id, day_id, section, name, grams, calories, protein, carbs, fat) VALUES (510, 128, 'lunch', 'Frango com Arroz', 200, 400, 20, 40, 10);
INSERT INTO diary_meals (id, day_id, section, name, grams, calories, protein, carbs, fat) VALUES (511, 128, 'snack', 'Fruta', 200, 400, 20, 40, 10);
INSERT INTO diary_meals (id, day_id, section, name, grams, calories, protein, carbs, fat) VALUES (512, 128, 'dinner', 'Sopa', 200, 400, 20, 40, 10);
INSERT INTO diary_days (id, user_id, date_key, goal, water_liters) VALUES (129, 9, '2026-02-07', 2000, 2.0);
INSERT INTO diary_meals (id, day_id, section, name, grams, calories, protein, carbs, fat) VALUES (513, 129, 'breakfast', 'Pão Integral', 200, 400, 20, 40, 10);
INSERT INTO diary_meals (id, day_id, section, name, grams, calories, protein, carbs, fat) VALUES (514, 129, 'lunch', 'Frango com Arroz', 200, 400, 20, 40, 10);
INSERT INTO diary_meals (id, day_id, section, name, grams, calories, protein, carbs, fat) VALUES (515, 129, 'snack', 'Fruta', 200, 400, 20, 40, 10);
INSERT INTO diary_meals (id, day_id, section, name, grams, calories, protein, carbs, fat) VALUES (516, 129, 'dinner', 'Sopa', 200, 400, 20, 40, 10);
INSERT INTO diary_days (id, user_id, date_key, goal, water_liters) VALUES (130, 9, '2026-02-06', 2000, 2.0);
INSERT INTO diary_meals (id, day_id, section, name, grams, calories, protein, carbs, fat) VALUES (517, 130, 'breakfast', 'Iogurte', 200, 400, 20, 40, 10);
INSERT INTO diary_meals (id, day_id, section, name, grams, calories, protein, carbs, fat) VALUES (518, 130, 'lunch', 'Frango com Arroz', 200, 400, 20, 40, 10);
INSERT INTO diary_meals (id, day_id, section, name, grams, calories, protein, carbs, fat) VALUES (519, 130, 'snack', 'Fruta', 200, 400, 20, 40, 10);
INSERT INTO diary_meals (id, day_id, section, name, grams, calories, protein, carbs, fat) VALUES (520, 130, 'dinner', 'Sopa', 200, 400, 20, 40, 10);
INSERT INTO diary_days (id, user_id, date_key, goal, water_liters) VALUES (131, 9, '2026-02-05', 2000, 2.0);
INSERT INTO diary_meals (id, day_id, section, name, grams, calories, protein, carbs, fat) VALUES (521, 131, 'breakfast', 'Iogurte', 200, 400, 20, 40, 10);
INSERT INTO diary_meals (id, day_id, section, name, grams, calories, protein, carbs, fat) VALUES (522, 131, 'lunch', 'Frango com Arroz', 200, 400, 20, 40, 10);
INSERT INTO diary_meals (id, day_id, section, name, grams, calories, protein, carbs, fat) VALUES (523, 131, 'snack', 'Fruta', 200, 400, 20, 40, 10);
INSERT INTO diary_meals (id, day_id, section, name, grams, calories, protein, carbs, fat) VALUES (524, 131, 'dinner', 'Sopa', 200, 400, 20, 40, 10);
INSERT INTO diary_days (id, user_id, date_key, goal, water_liters) VALUES (132, 9, '2026-02-04', 2000, 2.0);
INSERT INTO diary_meals (id, day_id, section, name, grams, calories, protein, carbs, fat) VALUES (525, 132, 'breakfast', 'Pão Integral', 200, 400, 20, 40, 10);
INSERT INTO diary_meals (id, day_id, section, name, grams, calories, protein, carbs, fat) VALUES (526, 132, 'lunch', 'Frango com Arroz', 200, 400, 20, 40, 10);
INSERT INTO diary_meals (id, day_id, section, name, grams, calories, protein, carbs, fat) VALUES (527, 132, 'snack', 'Fruta', 200, 400, 20, 40, 10);
INSERT INTO diary_meals (id, day_id, section, name, grams, calories, protein, carbs, fat) VALUES (528, 132, 'dinner', 'Sopa', 200, 400, 20, 40, 10);
INSERT INTO diary_days (id, user_id, date_key, goal, water_liters) VALUES (133, 9, '2026-02-03', 2000, 2.0);
INSERT INTO diary_meals (id, day_id, section, name, grams, calories, protein, carbs, fat) VALUES (529, 133, 'breakfast', 'Iogurte', 200, 400, 20, 40, 10);
INSERT INTO diary_meals (id, day_id, section, name, grams, calories, protein, carbs, fat) VALUES (530, 133, 'lunch', 'Frango com Arroz', 200, 400, 20, 40, 10);
INSERT INTO diary_meals (id, day_id, section, name, grams, calories, protein, carbs, fat) VALUES (531, 133, 'snack', 'Fruta', 200, 400, 20, 40, 10);
INSERT INTO diary_meals (id, day_id, section, name, grams, calories, protein, carbs, fat) VALUES (532, 133, 'dinner', 'Sopa', 200, 400, 20, 40, 10);
INSERT INTO diary_days (id, user_id, date_key, goal, water_liters) VALUES (134, 9, '2026-02-02', 2000, 2.0);
INSERT INTO diary_meals (id, day_id, section, name, grams, calories, protein, carbs, fat) VALUES (533, 134, 'breakfast', 'Pão Integral', 200, 400, 20, 40, 10);
INSERT INTO diary_meals (id, day_id, section, name, grams, calories, protein, carbs, fat) VALUES (534, 134, 'lunch', 'Frango com Arroz', 200, 400, 20, 40, 10);
INSERT INTO diary_meals (id, day_id, section, name, grams, calories, protein, carbs, fat) VALUES (535, 134, 'snack', 'Fruta', 200, 400, 20, 40, 10);
INSERT INTO diary_meals (id, day_id, section, name, grams, calories, protein, carbs, fat) VALUES (536, 134, 'dinner', 'Sopa', 200, 400, 20, 40, 10);
INSERT INTO diary_days (id, user_id, date_key, goal, water_liters) VALUES (135, 9, '2026-02-01', 2000, 2.0);
INSERT INTO diary_meals (id, day_id, section, name, grams, calories, protein, carbs, fat) VALUES (537, 135, 'breakfast', 'Pão Integral', 200, 400, 20, 40, 10);
INSERT INTO diary_meals (id, day_id, section, name, grams, calories, protein, carbs, fat) VALUES (538, 135, 'lunch', 'Frango com Arroz', 200, 400, 20, 40, 10);
INSERT INTO diary_meals (id, day_id, section, name, grams, calories, protein, carbs, fat) VALUES (539, 135, 'snack', 'Fruta', 200, 400, 20, 40, 10);
INSERT INTO diary_meals (id, day_id, section, name, grams, calories, protein, carbs, fat) VALUES (540, 135, 'dinner', 'Sopa', 200, 400, 20, 40, 10);
INSERT INTO diary_days (id, user_id, date_key, goal, water_liters) VALUES (136, 10, '2026-02-15', 2000, 2.0);
INSERT INTO diary_meals (id, day_id, section, name, grams, calories, protein, carbs, fat) VALUES (541, 136, 'breakfast', 'Pão Integral', 200, 400, 20, 40, 10);
INSERT INTO diary_meals (id, day_id, section, name, grams, calories, protein, carbs, fat) VALUES (542, 136, 'lunch', 'Frango com Arroz', 200, 400, 20, 40, 10);
INSERT INTO diary_meals (id, day_id, section, name, grams, calories, protein, carbs, fat) VALUES (543, 136, 'snack', 'Fruta', 200, 400, 20, 40, 10);
INSERT INTO diary_meals (id, day_id, section, name, grams, calories, protein, carbs, fat) VALUES (544, 136, 'dinner', 'Sopa', 200, 400, 20, 40, 10);
INSERT INTO diary_days (id, user_id, date_key, goal, water_liters) VALUES (137, 10, '2026-02-14', 2000, 2.0);
INSERT INTO diary_meals (id, day_id, section, name, grams, calories, protein, carbs, fat) VALUES (545, 137, 'breakfast', 'Iogurte', 200, 400, 20, 40, 10);
INSERT INTO diary_meals (id, day_id, section, name, grams, calories, protein, carbs, fat) VALUES (546, 137, 'lunch', 'Frango com Arroz', 200, 400, 20, 40, 10);
INSERT INTO diary_meals (id, day_id, section, name, grams, calories, protein, carbs, fat) VALUES (547, 137, 'snack', 'Fruta', 200, 400, 20, 40, 10);
INSERT INTO diary_meals (id, day_id, section, name, grams, calories, protein, carbs, fat) VALUES (548, 137, 'dinner', 'Sopa', 200, 400, 20, 40, 10);
INSERT INTO diary_days (id, user_id, date_key, goal, water_liters) VALUES (138, 10, '2026-02-13', 2000, 2.0);
INSERT INTO diary_meals (id, day_id, section, name, grams, calories, protein, carbs, fat) VALUES (549, 138, 'breakfast', 'Pão Integral', 200, 400, 20, 40, 10);
INSERT INTO diary_meals (id, day_id, section, name, grams, calories, protein, carbs, fat) VALUES (550, 138, 'lunch', 'Frango com Arroz', 200, 400, 20, 40, 10);
INSERT INTO diary_meals (id, day_id, section, name, grams, calories, protein, carbs, fat) VALUES (551, 138, 'snack', 'Fruta', 200, 400, 20, 40, 10);
INSERT INTO diary_meals (id, day_id, section, name, grams, calories, protein, carbs, fat) VALUES (552, 138, 'dinner', 'Sopa', 200, 400, 20, 40, 10);
INSERT INTO diary_days (id, user_id, date_key, goal, water_liters) VALUES (139, 10, '2026-02-12', 2000, 2.0);
INSERT INTO diary_meals (id, day_id, section, name, grams, calories, protein, carbs, fat) VALUES (553, 139, 'breakfast', 'Iogurte', 200, 400, 20, 40, 10);
INSERT INTO diary_meals (id, day_id, section, name, grams, calories, protein, carbs, fat) VALUES (554, 139, 'lunch', 'Frango com Arroz', 200, 400, 20, 40, 10);
INSERT INTO diary_meals (id, day_id, section, name, grams, calories, protein, carbs, fat) VALUES (555, 139, 'snack', 'Fruta', 200, 400, 20, 40, 10);
INSERT INTO diary_meals (id, day_id, section, name, grams, calories, protein, carbs, fat) VALUES (556, 139, 'dinner', 'Sopa', 200, 400, 20, 40, 10);
INSERT INTO diary_days (id, user_id, date_key, goal, water_liters) VALUES (140, 10, '2026-02-11', 2000, 2.0);
INSERT INTO diary_meals (id, day_id, section, name, grams, calories, protein, carbs, fat) VALUES (557, 140, 'breakfast', 'Pão Integral', 200, 400, 20, 40, 10);
INSERT INTO diary_meals (id, day_id, section, name, grams, calories, protein, carbs, fat) VALUES (558, 140, 'lunch', 'Frango com Arroz', 200, 400, 20, 40, 10);
INSERT INTO diary_meals (id, day_id, section, name, grams, calories, protein, carbs, fat) VALUES (559, 140, 'snack', 'Fruta', 200, 400, 20, 40, 10);
INSERT INTO diary_meals (id, day_id, section, name, grams, calories, protein, carbs, fat) VALUES (560, 140, 'dinner', 'Sopa', 200, 400, 20, 40, 10);
INSERT INTO diary_days (id, user_id, date_key, goal, water_liters) VALUES (141, 10, '2026-02-10', 2000, 2.0);
INSERT INTO diary_meals (id, day_id, section, name, grams, calories, protein, carbs, fat) VALUES (561, 141, 'breakfast', 'Pão Integral', 200, 400, 20, 40, 10);
INSERT INTO diary_meals (id, day_id, section, name, grams, calories, protein, carbs, fat) VALUES (562, 141, 'lunch', 'Frango com Arroz', 200, 400, 20, 40, 10);
INSERT INTO diary_meals (id, day_id, section, name, grams, calories, protein, carbs, fat) VALUES (563, 141, 'snack', 'Fruta', 200, 400, 20, 40, 10);
INSERT INTO diary_meals (id, day_id, section, name, grams, calories, protein, carbs, fat) VALUES (564, 141, 'dinner', 'Sopa', 200, 400, 20, 40, 10);
INSERT INTO diary_days (id, user_id, date_key, goal, water_liters) VALUES (142, 10, '2026-02-09', 2000, 2.0);
INSERT INTO diary_meals (id, day_id, section, name, grams, calories, protein, carbs, fat) VALUES (565, 142, 'breakfast', 'Iogurte', 200, 400, 20, 40, 10);
INSERT INTO diary_meals (id, day_id, section, name, grams, calories, protein, carbs, fat) VALUES (566, 142, 'lunch', 'Frango com Arroz', 200, 400, 20, 40, 10);
INSERT INTO diary_meals (id, day_id, section, name, grams, calories, protein, carbs, fat) VALUES (567, 142, 'snack', 'Fruta', 200, 400, 20, 40, 10);
INSERT INTO diary_meals (id, day_id, section, name, grams, calories, protein, carbs, fat) VALUES (568, 142, 'dinner', 'Sopa', 200, 400, 20, 40, 10);
INSERT INTO diary_days (id, user_id, date_key, goal, water_liters) VALUES (143, 10, '2026-02-08', 2000, 2.0);
INSERT INTO diary_meals (id, day_id, section, name, grams, calories, protein, carbs, fat) VALUES (569, 143, 'breakfast', 'Pão Integral', 200, 400, 20, 40, 10);
INSERT INTO diary_meals (id, day_id, section, name, grams, calories, protein, carbs, fat) VALUES (570, 143, 'lunch', 'Frango com Arroz', 200, 400, 20, 40, 10);
INSERT INTO diary_meals (id, day_id, section, name, grams, calories, protein, carbs, fat) VALUES (571, 143, 'snack', 'Fruta', 200, 400, 20, 40, 10);
INSERT INTO diary_meals (id, day_id, section, name, grams, calories, protein, carbs, fat) VALUES (572, 143, 'dinner', 'Sopa', 200, 400, 20, 40, 10);
INSERT INTO diary_days (id, user_id, date_key, goal, water_liters) VALUES (144, 10, '2026-02-07', 2000, 2.0);
INSERT INTO diary_meals (id, day_id, section, name, grams, calories, protein, carbs, fat) VALUES (573, 144, 'breakfast', 'Iogurte', 200, 400, 20, 40, 10);
INSERT INTO diary_meals (id, day_id, section, name, grams, calories, protein, carbs, fat) VALUES (574, 144, 'lunch', 'Frango com Arroz', 200, 400, 20, 40, 10);
INSERT INTO diary_meals (id, day_id, section, name, grams, calories, protein, carbs, fat) VALUES (575, 144, 'snack', 'Fruta', 200, 400, 20, 40, 10);
INSERT INTO diary_meals (id, day_id, section, name, grams, calories, protein, carbs, fat) VALUES (576, 144, 'dinner', 'Sopa', 200, 400, 20, 40, 10);
INSERT INTO diary_days (id, user_id, date_key, goal, water_liters) VALUES (145, 10, '2026-02-06', 2000, 2.0);
INSERT INTO diary_meals (id, day_id, section, name, grams, calories, protein, carbs, fat) VALUES (577, 145, 'breakfast', 'Iogurte', 200, 400, 20, 40, 10);
INSERT INTO diary_meals (id, day_id, section, name, grams, calories, protein, carbs, fat) VALUES (578, 145, 'lunch', 'Frango com Arroz', 200, 400, 20, 40, 10);
INSERT INTO diary_meals (id, day_id, section, name, grams, calories, protein, carbs, fat) VALUES (579, 145, 'snack', 'Fruta', 200, 400, 20, 40, 10);
INSERT INTO diary_meals (id, day_id, section, name, grams, calories, protein, carbs, fat) VALUES (580, 145, 'dinner', 'Sopa', 200, 400, 20, 40, 10);
INSERT INTO diary_days (id, user_id, date_key, goal, water_liters) VALUES (146, 10, '2026-02-05', 2000, 2.0);
INSERT INTO diary_meals (id, day_id, section, name, grams, calories, protein, carbs, fat) VALUES (581, 146, 'breakfast', 'Iogurte', 200, 400, 20, 40, 10);
INSERT INTO diary_meals (id, day_id, section, name, grams, calories, protein, carbs, fat) VALUES (582, 146, 'lunch', 'Frango com Arroz', 200, 400, 20, 40, 10);
INSERT INTO diary_meals (id, day_id, section, name, grams, calories, protein, carbs, fat) VALUES (583, 146, 'snack', 'Fruta', 200, 400, 20, 40, 10);
INSERT INTO diary_meals (id, day_id, section, name, grams, calories, protein, carbs, fat) VALUES (584, 146, 'dinner', 'Sopa', 200, 400, 20, 40, 10);
INSERT INTO diary_days (id, user_id, date_key, goal, water_liters) VALUES (147, 10, '2026-02-04', 2000, 2.0);
INSERT INTO diary_meals (id, day_id, section, name, grams, calories, protein, carbs, fat) VALUES (585, 147, 'breakfast', 'Iogurte', 200, 400, 20, 40, 10);
INSERT INTO diary_meals (id, day_id, section, name, grams, calories, protein, carbs, fat) VALUES (586, 147, 'lunch', 'Frango com Arroz', 200, 400, 20, 40, 10);
INSERT INTO diary_meals (id, day_id, section, name, grams, calories, protein, carbs, fat) VALUES (587, 147, 'snack', 'Fruta', 200, 400, 20, 40, 10);
INSERT INTO diary_meals (id, day_id, section, name, grams, calories, protein, carbs, fat) VALUES (588, 147, 'dinner', 'Sopa', 200, 400, 20, 40, 10);
INSERT INTO diary_days (id, user_id, date_key, goal, water_liters) VALUES (148, 10, '2026-02-03', 2000, 2.0);
INSERT INTO diary_meals (id, day_id, section, name, grams, calories, protein, carbs, fat) VALUES (589, 148, 'breakfast', 'Pão Integral', 200, 400, 20, 40, 10);
INSERT INTO diary_meals (id, day_id, section, name, grams, calories, protein, carbs, fat) VALUES (590, 148, 'lunch', 'Frango com Arroz', 200, 400, 20, 40, 10);
INSERT INTO diary_meals (id, day_id, section, name, grams, calories, protein, carbs, fat) VALUES (591, 148, 'snack', 'Fruta', 200, 400, 20, 40, 10);
INSERT INTO diary_meals (id, day_id, section, name, grams, calories, protein, carbs, fat) VALUES (592, 148, 'dinner', 'Sopa', 200, 400, 20, 40, 10);
INSERT INTO diary_days (id, user_id, date_key, goal, water_liters) VALUES (149, 10, '2026-02-02', 2000, 2.0);
INSERT INTO diary_meals (id, day_id, section, name, grams, calories, protein, carbs, fat) VALUES (593, 149, 'breakfast', 'Iogurte', 200, 400, 20, 40, 10);
INSERT INTO diary_meals (id, day_id, section, name, grams, calories, protein, carbs, fat) VALUES (594, 149, 'lunch', 'Frango com Arroz', 200, 400, 20, 40, 10);
INSERT INTO diary_meals (id, day_id, section, name, grams, calories, protein, carbs, fat) VALUES (595, 149, 'snack', 'Fruta', 200, 400, 20, 40, 10);
INSERT INTO diary_meals (id, day_id, section, name, grams, calories, protein, carbs, fat) VALUES (596, 149, 'dinner', 'Sopa', 200, 400, 20, 40, 10);
INSERT INTO diary_days (id, user_id, date_key, goal, water_liters) VALUES (150, 10, '2026-02-01', 2000, 2.0);
INSERT INTO diary_meals (id, day_id, section, name, grams, calories, protein, carbs, fat) VALUES (597, 150, 'breakfast', 'Pão Integral', 200, 400, 20, 40, 10);
INSERT INTO diary_meals (id, day_id, section, name, grams, calories, protein, carbs, fat) VALUES (598, 150, 'lunch', 'Frango com Arroz', 200, 400, 20, 40, 10);
INSERT INTO diary_meals (id, day_id, section, name, grams, calories, protein, carbs, fat) VALUES (599, 150, 'snack', 'Fruta', 200, 400, 20, 40, 10);
INSERT INTO diary_meals (id, day_id, section, name, grams, calories, protein, carbs, fat) VALUES (600, 150, 'dinner', 'Sopa', 200, 400, 20, 40, 10);

-- Adjust sequences
SELECT setval(pg_get_serial_sequence('allergens', 'id'), (SELECT MAX(id) FROM allergens));
SELECT setval(pg_get_serial_sequence('users', 'id'), (SELECT MAX(id) FROM users));
SELECT setval(pg_get_serial_sequence('recipes', 'id'), (SELECT MAX(id) FROM recipes));
SELECT setval(pg_get_serial_sequence('restaurants', 'id'), (SELECT MAX(id) FROM restaurants));
SELECT setval(pg_get_serial_sequence('diary_days', 'id'), (SELECT MAX(id) FROM diary_days));
SELECT setval(pg_get_serial_sequence('diary_meals', 'id'), (SELECT MAX(id) FROM diary_meals));
SELECT setval(pg_get_serial_sequence('food_history', 'id'), (SELECT MAX(id) FROM food_history));
SELECT setval(pg_get_serial_sequence('weight_entries', 'id'), (SELECT MAX(id) FROM weight_entries));

COMMIT;
